[Relic Names]|en|ru
relic_devilHorn|Devil Horn|Дьявольский рог
relic_demonSheep|Demon Sheep|Демоническая овца
relic_doomFlute|Doom Flute|Флейта рока
relic_frozenOrb|Frozen Orb|Замороженный шар
relic_nunchucks|Nunchucks|Нунчаки
relic_rubberDuck|Rubber Duck|Резиновая утка
relic_skullAxe|Skull Axe|Топор из черепа
relic_theSpoon|The Spoon|Ложка
relic_stormDagger|Storm Dagger|Кинжал бури
relic_odinsSword|Odin's Sword|Меч Одина
relic_theAmputationKit|The Amputation Kit|Набор для ампутации
relic_skullBat|Skullbat|Летучий череп
relic_shredder|Shredder|Шредер
relic_stigmata|Stigmata|Стигматы
relic_magicMushroom|Magic Mushroom|Магический гриб
relic_jefresSubscription|Jefre's Subscription|Подписка Джефри
relic_rockBelt|Rock Belt|Рок-пояс
relic_sausage|Sausage|Колбаса
relic_spiritSkull|Spirit Skull|Череп духа
relic_apple|Apple|Яблоко
relic_fetus|F.E.T.U.S.|П.Л.О.Д.
relic_theEye|The Eye|Глаз
relic_devilSkull|Devil Skull|Череп дьявола
relic_whip|Whip|Хлыст
relic_cake|Cake|Торт
relic_cookiesMilk|Cookies & Milk|Печенье и молоко
relic_blazingBoots|Blazing Boots|Пылающие сапоги
relic_charmedBlood|Charmed Blood|Зачарованная кровь
relic_shrunkenHead|Shrunken Head|Сморщенная голова
relic_oddBookOfSpells|Odd Book of Spells|Странная книга заклинаний
relic_ancientRock|Ancient Rock|Древний камень
relic_theHolyBible|The Holy Bible|Святая Библия
relic_aaronsStaff|Aaron's Staff|Посох Аарона
relic_ogreClub|Ogre Club|Дубина огра
relic_basilisksTooth|Basilisk's Tooth|Зуб василиска
relic_twinBlade|Twin Blade|Двойной клинок
relic_handScythe|Hand Scythe|Ручная коса
relic_templarShield|Templar Shield|Щит тамплиера
relic_kingsCrown|King's Crown|Королевская корона
relic_damnedBuckler|Damned Buckler|Проклятый баклер
relic_dragonShield|Dragon Shield|Щит дракона
relic_barbedShield|Barbed Shield|Колючий щит
relic_helmOfChaos|Helm of Chaos|Шлем Хаоса
relic_bracerOfLife|Bracer of Life|Наруч жизни
rrelic_tokenOfLuck|Token of Luck|Знак удачи
relic_theAllmightyFedora|The Allmighty Fedora|Всемогущая федора
relic_guardianAngel|Guardian Angel|Ангел-хранитель
relic_bookOfBelial|Book of Belial|Книга Велиала
relic_doubleScythe|Double Scythe|Двойная коса
relic_fireIce|Fire & Ice|Огонь и лед
relic_LightKatana|Light Katana|Световая катана
relic_dirge|Dirge|Панихида
relic_razorWire|Razorwire|Колючая проволока
relic_rainbowGate|Rainbow Gate|Радужные врата
relic_theGlove|The Glove|Перчатка
relic_flySwatter|Fly Swatter|Мухобойка
relic_hellscreamAxe|Hellscream Axe|Топор Адского Крика
relic_frostMourne|Hungering Blade of Frost|Ледяная Скорбь
relic_commandersSword|Commander's Sword|Меч командира
relic_butchersKnife|Butcher's Knife|Нож Мясника
relic_warZeppelin|War Zeppelin|Боевой дирижабль
relic_deathsScythe|Death's Scythe|Коса Смерти
relic_angelStaffOfApocalypse|Angel Staff of Apocalypse|Ангельский посох Апокалипсиса
relic_rocketBarrage|Rocket Barrage|Ракетный залп
relic_shiv|Shiv|Заточка
relic_stickmanSteve|Stickman Steve|Стикмен Стив
relic_bomb|Bomb|Бомба
relic_meatHook|Meat Hook|Мясной крюк
relic_candyCrusher|Candy Crusher|Крушитель конфет
relic_cheeseBurger|Cheese Burger|Чизбургер
relic_triForce|Triforce|Трифорс
relic_cactus|Cactus|Кактус
relic_razerBlade|Razer Blade|Клинок Razer
relic_assassinsShuriken|Assassin's Shuriken|Сюрикен убийцы
relic_theSun|The Sun|Солнце
relic_razerHeadset|Razer Headset|Наушники Razer
relic_mayosOldSock|Mayo's Old Sock|Старый носок Майо
relic_tequila|Tequila!!!|Текила!!!
relic_theMightySushi|The Mighty Sushi|Могучие суши
relic_karpHead|Karp Head|Голова карпа
relic_lantern|Lantern|Фонарь
relic_razorLeaf|Razor Leaf|Режущий лист
relic_ninjaHook|Ninja Hook|Крюк ниндзя
relic_riceChopsticks|Rice & Chopsticks|Рис и палочки
relic_minisect|Minisect|Минисект
relic_shadeOfDeath|Shade of Death|Тень смерти
relic_dislocatedEye|Dislocated Eye|Выбитый глаз
relic_halfEatenMochi|Half Eaten Mochi|Надкушенный моти
relic_bonsaiTree|Bonsai Tree|Бонсай
relic_daPlayersDislocatedHead|DaPlayer's Dislocated Head|Оторванная голова DaPlayer
relic_witchClaw|Witch Claw|Коготь ведьмы
relic_shatteredKatana|Shattered Katana|Расколотая катана
relic_orbOfFire|Orb of Fire|Сфера Огня
relic_orbOfIce|Orb of Ice|Сфера Льда
relic_orbOfPoison|Orb of Poison|Сфера Яда
relic_orbOfChaos|Orb of Chaos|Сфера Хаоса
relic_orbOfLightning|Orb of Lightning|Сфера Молний
relic_largeBeer|Large Beer|Большое пиво
relic_bouncy|Bouncy|Попрыгунчик
relic_magnet|Magnet|Магнит
relic_balalayka|Balalayka|Балалайка
relic_darts|Darts|Дротики
relic_smallSpikey|Small Spikey|Маленький шип
relic_satansHorn|Satan's Horn|Рог Сатаны
relic_necromancersFinger|Necromancer's Finger|Палец некроманта
relic_jarOfFlies|Jar of Flies|Банка с мухами
relic_satansTooth|Satan's Tooth|Зуб Сатаны
relic_butterflyKnife|Butterfly Knife|Нож-бабочка
relic_lightningGlobe|Lightning Globe|Шар молний
relic_fireGlobe|Fire Globe|Шар огня
relic_iceGlobe|Ice Globe|Шар льда
relic_poisonGlobe|Poison Globe|Шар яда
relic_arcaneGlobe|Arcane Globe|Шар тайной магии
relic_steamSale|Steam Sale|Распродажа Steam
relic_esEnergy|ES Energy|Энергетик ES
relic_boomerang|Boomerang|Бумеранг
relic_squishyTheSuicidalPig|Squishy the Suicidal Pig|Хлюпик — свинья-самоубийца
relic_satansEye|Satan's Eye|Глаз Сатаны
relic_mindBender|Homing Shots|Самонаводящиеся выстрелы
relic_lightCola|Light Cola|Кола лайт
relic_theHolyGrail|The Holy Grail|Святой Грааль
relic_monkeyKingBar|Monkey King Bar|Посох Короля Обезьян
relic_hornedMask|Horned Mask|Рогатая маска
relic_honeyBee|Honey Bee|Медоносная пчела
relic_1000kg|1000 KG|1000 КГ
relic_pickledBrain|Pickled Brain|Маринованный мозг
relic_keyGen|Keygen.exe|Keygen.exe
relic_dragonsHead|Dragon's Head|Глова дракона
relic_winnersDrug|Winner's Drug|Допинг победителя
relic_casinoDice|Casino Die|Игральная кость
relic_lotteryTicket|Lottery Ticket|Лотерейный билет
relic_vadjra|Vadjra|Ваджра
relic_maryosPipe|Maryo's Pipe|Труба Марио
relic_rottenApple|Rotten Apple|Гнилое яблоко
relic_handOfMidas|Hand of Midas|Рука Мидаса
relic_oversized|Oversized|Безразмерный
relic_fortuneCard|Fortune Card|Карта удачи
relic_deliciousPie|Delicious Pie|Вкусный пирог
relic_amazonsSpears|Amazon's Spears|Копья Амазонки
relic_jungleVial|Jungle Vial|Флакон из джунглей
relic_manaDice|Mana Dice|Кости маны
relic_wizardsHat|A Wizard's Hat|Шляпа волшебника
relic_zombiesFace|Zombie's Face|Лицо зомби
relic_metalDetector|Metal Detector|Металлоискатель
relic_lootARang|Loot-A-Rang|Лутаранг
relic_propHuntKit|Prop Hunt Kit|Набор для пряток
relic_doggo|Doggo|Пёсель
relic_stevesDirtyHead|Steve's Dirty Head|Грязная голова Стива
relic_lostWand|Lost Wand|Потерянная палочка
relic_wizardsMindBomb|Wizard's Mind Bomb|Ментальная бомба волшебника
relic_newtTail|Newt Tail|Хвост тритона
relic_candyBasket|Candy Basket|Корзинка конфет
relic_snowball|Snowball|Снежок
relic_thiefsGlove|Thief's Glove|Перчатка вора
relic_shocker3000|Shocker-3000|Шокер-3000
relic_flail|Flail|Цеп
relic_soulBox|Soul Box|Шкатулка душ
relic_chickenMask|Chicken Mask|Маска курицы
relic_cursedBook|Cursed Book|Проклятая книга
relic_headExtractor|Head Extractor|Извлекатель голов
relic_bombBoat|Bomb|Бомба
relic_fishNet|Fish Net|Рыболовная сеть
relic_bookOfCommand|Book of Command|Книга повелений
relic_sucker5000|Sucker-5000|Всасыватель-5000
relic_sucker5000b|Sucker-5000-B|Всасыватель-5000-B
relic_pulser|Gamma Pulser|Гамма-пульсатор
||
desc_relic_lightningGlobe|Lightning Globe|Гудит от переизбытка мощи. Статическое напряжение такое мощное, что волосы встают дыбом даже у лысых демонов. Идеальный катализатор для всех твоих «искрящих» аргументов. Не забудь надеть резиновые перчатки (шутка, они не помогут).
desc_relic_fireGlobe|Fire Globe|Хрупкая стекляшка, удерживающая внутри ярость 3 вулканов. Старайся не ронять её себе на ноги — пол потом придется менять вместе с ногами.
desc_relic_iceGlobe|Ice Globe|Внутри этого шара царит вечный покой и зима. Снаружи он дарит вечный покой врагам, превращая толпы разъяренных монстров в изысканный сад ледяных скульптур.
desc_relic_poisonGlobe|Poison Globe|Результат эксперимента, который пошел не по плану. Внутри клубится едкий туман смертельного газа, готовый разъесть броню, плоть и даже саму надежду на спасение.
desc_relic_arcaneGlobe|Arcane Globe|Внутри бушует чистая магическая энергия. Она гудит, светится и только и ждет момента, чтобы вырваться наружу и устроить локальный армагеддон.

desc_relic_devilHorn|Power of the most unclean, in your pocket.|Трофей с головы высшего демона. В нём всё еще бурлит древняя скверна, готовая послужить новому владельцу... за определенную цену, конечно.
desc_relic_demonSheep|Beware, the sheep with red eyes.|Адская селекция в действии. Шерсть пропитана серой, а во взгляде читается жажда насилия. Гладить категорически не рекомендуется.
desc_relic_doomFlute|Play the tunes of doom.|Инструмент, вырезанный из кости неизвестного чудовища. Издает пронзительный визг, от которого лопаются перепонки, а демоны в панике теряют ориентацию.
desc_relic_frozenOrb|Nobody knows what kind of magic is frozen within it.|Внутри клубится стужа, от которой стынет кровь даже у огненных демонов. Кусочек вечной зимы, которому очень неуютно в Пекле, и он готов мстить за это всем вокруг.
desc_relic_nunchucks|Remember to practice first.|Грозное оружие в руках мастера и гарантированный перелом носа для новичка. Крути быстрее, бей жестче и постарайся не вырубить самого себя в процессе.
desc_relic_rubberDuck|Quack.|Кря. (Больше и добавить-то нечего).
desc_relic_skullAxe|Finest steel with the sharpest cut. Cuts to bone like butter.|Зачем искать уязвимые места, если можно просто разрубить врага пополам? Этот топор решает сложные проблемы одним простым вертикальным взмахом.
desc_relic_theSpoon|You’ll see it is not the spoon that bends. It is only ourself.|Гнется не ложка, а реальность вокруг неё. Помни: ложки не существует, зато существует твоё желание стукнуть ей кого-нибудь по лбу.
desc_relic_stormDagger|Unleash the storm.|Искрит от нетерпения. Идеальный инструмент для проведения принудительной электросудорожной терапии демонам, которые слишком расслабились.
desc_relic_odinsSword|Who dares to try and wield it?|Клинок, который сам выбирает хозяина. Ты, конечно, не скандинавский бог, но меч, кажется, готов закрыть на это глаза... пока ты исправно рубишь им врагов.
desc_relic_theAmputationKit|Who needs legs anyway.|Искусство отсечения лишнего. Доказывает на практике, что ноги — это роскошь, которую не каждый демон может себе позволить.
desc_relic_skullBat|Hmh. Salty.|Небольшой, но очень кусачий спутник. Выглядит как летающий череп с крыльями и скверным характером. Обожает вкус чужих слез и крови, находя их пикантно-солоноватыми.
desc_relic_shredder|Could it cut Chaos Tower legs?|Абсолютная режущая мощь. Доказывает на практике, что против лома (особенно если он заточен и вращается) нет приема даже у высших демонов.
desc_relic_stigmata|Vampires? What a joke.|Знак избранного... или проклятого. Дарует ужасающую мощь ценой собственной плоти. В конце концов, шрамы только украшают героя.
desc_relic_magicMushroom|Expand your mind, let your ego die.|Твое старое, слабое «Я» растворяется в цветном тумане. На его месте рождается совершенная машина для убийства. Глобальное увеличение всех характеристик ценой легкого безумия.
desc_relic_jefresSubscription|Like & Subscribe|Ставьте лайк, подписывайтесь и жмите на колокольчик смерти.
desc_relic_rockBelt|Does not contain Heavy Metals.|Не содержит хэви-метала. Только стопроцентный, экологически чистый рок.
desc_relic_sausage|Let’s have a barbeque in hell.|Идеально прожарена на естественном адском огне. Хрустящая корочка, сочная начинка и легкий привкус серы. Отличный перекус между битвами.
desc_relic_spiritSkull|An Ancient skull with a spirit inside.|Древний череп, в котором заточен дух. Очень старый, очень злой и очень шумный.
desc_relic_apple|An apple a day, keeps the evil away.|Запретный плод сладок, но этот — еще и взрывоопасен. Разлетается на куски, нанося урон и напоминая демонам о первородном грехе.
desc_relic_fetus|Unborn and forgotten.|Нерожденный и забытый, но чертовски злой. Летает рядом, поливая врагов кровавыми слезами обиды за свою несостоявшуюся жизнь.
desc_relic_theEye|Don’t force the eye.|Не дави на глаз. Ему и так несладко живется в твоем кармане.
desc_relic_devilSkull|Artifact of evil and rage.|В этой кости заключена такая плотная, древняя злоба, что воздух вокруг начинает дрожать. Идеальный аргумент в споре с теми, кто считает себя бессмертным.
desc_relic_whip|Back to grave, undead.|Рассекает воздух со свистом, от которого стынет кровь. Этот звук — последнее, что слышит враг перед тем, как его кости превратятся в труху.
desc_relic_cake|It is so delicios it kills me.|Кто бы мог подумать, что лучшая защита — это слой бисквита и глазури? Увеличивает живучесть, позволяя впитывать урон с блаженной улыбкой сладкоежки.
desc_relic_cookiesMilk|You stole Santas snack.|Украденный полдник Санты. Ты теперь официально в «списке плохих детей», зато сыт, полон сил и готов к новым шалостям.
desc_relic_blazingBoots|Run so fast you leave a trail of flames.|Выражение «пятки горят» обретает новый, буквальный смысл. Превращает твою пробежку в огненное шоу, поджаривая всех преследователей.
desc_relic_charmedBlood|Vampires? Not a joke.|Вязкая, темная и неестественно теплая... Эта кровь заговорена древними чарами, чтобы высасывать жизнь из врагов до последней капли. 
desc_relic_shrunkenHead|This once belonged to Papa Legba.|Личный артефакт Папы Легбы. Хотя ее губы зашиты, она нашептывает древние проклятия, открывая незримые двери в мир духов, откуда веет могильным холодом и неизбежной смертью.
desc_relic_oddBookOfSpells|Warning: These spells are untested.|Сборник чар с пометкой «на свой страх и риск». Автор этих формул не успел дописать последнюю главу... вероятно, потому что его лаборатория взлетела на воздух вместе с ним.
desc_relic_ancientRock|Needs googly eyes.|Ему не хватает только пары пластиковых глаз, чтобы стать твоим лучшим другом. А пока это просто кусок гранита, наносящий врагам тяжелые физические и моральные травмы.
desc_relic_theHolyBible|In the name of the spirit.|Во имя духа... и праведного гнева. Классический инструмент для экзорцизма, проверенный временем, молитвами и сотнями ушибленных грешников.
desc_relic_aaronsStaff|Staff of Aaron with healing power.|Легендарный посох Аарона, наполненный силой исцеления. Латает раны и возвращает веру в то, что ты всё-таки дотянешь до следующего босса.
desc_relic_ogreClub|The ogre was one ugly fellow.|Владелец этой дубины был страшен как смертный грех, и его оружие ему под стать. Грубая, тяжелая и совершенно лишенная изящества штуковина — как раз для тебя.
desc_relic_basilisksTooth|Be careful, it might still contain poison.|Осторожнее с этой игрушкой! В ней всё еще плещется древний яд. Один неосторожный «тык» — и кто-то отправится на тот свет раньше положенного срока.
desc_relic_twinBlade|Sharp blade for Critical Strikes.|Лезвие настолько острое, что режет саму ткань реальности (и чьи-то надежды на выживание). Идеально подходит для критических ударов.
desc_relic_handScythe|Excellent tool for slaughtering.|Компактная коса для тех, кто предпочитает ручную работу. Идеальный инструмент для быстрой, качественной и очень кровавой резни.
desc_relic_templarShield|Knights protector.|Верный спутник защитника веры. За этим щитом можно переждать даже конец света или, на худой конец, очень неудачное свидание с демоном.
desc_relic_kingsCrown|Gurag won’t need this.|Гурагу эта корона больше не понадобится. А вот тебе в ней будет очень... статусно. Мародёрство ещё никогда не выглядело так величественно.
desc_relic_damnedBuckler|It holds a curse within.|Этот щит шепчет голосами павших. Он несет в себе мрачное проклятие, которое только и ждет момента, чтобы впиться в твоего врага (или в твою душу).
desc_relic_dragonShield|Carefully crafted from the scales of a dragon.|Искусная работа из прочнейшей драконьей чешуи. Этот щит повидал больше пламени, чем любой кузнец в этом мире, и остался невредим.
desc_relic_barbedShield|Thorns: Easiest way to revenge.|Шипы — кратчайший путь к справедливости. Если кто-то решил ударить тебя по лицу, пусть готовится к тому, что его кулак превратится в решето. Месть еще никогда не была такой колючей.
desc_relic_helmOfChaos|Some say you find more Chaos Towers with this.|Говорят, этот шлем резонирует с самой сутью разрушения, помогая отыскать Башни Хаоса. Главное — не начать видеть их там, где их нет.
desc_relic_bracerOfLife|Embrace the life, as it is most valuable thing you will ever have.|Береги свое здоровье — это единственное, что отделяет тебя от вечного безмолвия и компании скелетов. Вторая жизнь в комплект не входит!
desc_relic_tokenOfLuck|Feeling lucky?|Н«Ну в этот-то раз точно выпадет!» — фраза, с которой этот жетон передается от одного неудачника к другому. Попробуй, вдруг ты действительно тот самый избранный везунчик?
desc_relic_theAllmightyFedora|The Ultimate knowledge of first 169 digits of Pi.|Дарует абсолютное знание первых 169 знаков числа «пи». Не спрашивай, как это поможет в бою против демонов. Просто наслаждайся тем, что ты теперь официально самый умный парень в этом Аду.
desc_relic_guardianAngel|Eternal protector.|Твой бессменный крылатый телохранитель. Всегда присмотрит, всегда подстрахует и, скорее всего, когда-нибудь напишет мемуары о том, как тяжело было вытаскивать тебя из передряг.
desc_relic_bookOfBelial|It’s funny if you think that he sits down and writes books.|Представь на секунду Белиала в очках, который старательно выводит буквы в тетрадке... Смешно? Возможно. Но то, что он там написал, — явно не сказки на ночь.
desc_relic_doubleScythe|Double the blade, double the blood.|Больше лезвий — больше крови. Математика смерти в чистом виде: враги превращаются в аккуратную нарезку в два раза эффективнее.
desc_relic_fireIce|As opposites meet, potential is unmatched.|Когда встречаются две противоположности, результат превосходит все ожидания. Обжигает холодом и замораживает пламенем — идеальный выбор для тех, кто не может решить, хочет он врага поджарить или превратить в сосульку. Зачем выбирать, если можно получить всё и сразу?
desc_relic_LightKatana|Search your feelings, you know it to be awesome.|Клинок настолько легкий, что кажется, будто ты рассекаешь воздух самим солнечным светом. Идеально для тех, кто хочет нашинковать демона в капусту быстрее, чем тот успеет моргнуть. Скорость, элегантность и ни капли лишнего веса.
desc_relic_dirge|Sharp and agile weapon made to hurt.|Острое и маневренное оружие, созданное специально для того, чтобы причинять страдания. Настоящая классика похоронного дела в мире клинков.
desc_relic_razorWire|Causes severe bleeding.|Оставляет жуткие рваные раны и вызывает сильное кровотечение. На эту штуку даже смотреть больно, не то что касаться её.
desc_relic_rainbowGate|Is this a piece of Bifröst?|Это что, осколок Биврёста? Надеюсь, Хеймдалль не слишком расстроится, когда обнаружит, что кусок его радужного моста теперь у тебя в кармане.
desc_relic_theGlove|What was yours is mine now.|Твое добро теперь моё. Золотое правило любого уважающего себя авантюриста: зачем просить, если можно просто... позаимствовать?
desc_relic_flySwatter|Ew, bugs.|Фу, ну и мерзость. Один хлесткий шлепок по здравому смыслу — и назойливые букашки (включая демонов) превратятся в мокрое место.
desc_relic_hellscreamAxe|Unlimited rage.|Безудержная ярость в каждом зазубренном выступе. Кажется, где-то вдали слышен одобрительный орочий крик. Наносит урон, от которого содрогается сама земля.
desc_relic_frostMourne|The handle is frozen and so is your fingers.|Ледяная рукоять нещадно морозит пальцы, а лезвие... лезвие жаждет душ. Пальцы немеют, сердце стынет, но выпустить такую прелесть из рук просто невозможно.
desc_relic_commandersSword|With this sword I command and lead.|Меч, дарующий право вести за собой. Одно его сияние заставляет войска строиться в шеренгу, а врагов — в очередь на кладбище.
desc_relic_butchersKnife|Mmmh fresh meat.|Ммм... Свежее мясцо! Та самая фраза, от которой у любого героя поджилки начинают трястись. Остро, брутально и с запашком кулинарного безумия.
desc_relic_warZeppelin|Air Support!|Поддержка с воздуха! Когда враги думают, что они в безопасности, с неба прилетает увесистый взрывной аргумент, заставляющий их пересмотреть свои жизненные приоритеты.
desc_relic_deathsScythe|Grim Reaper kindly asked if you could return this.|Тут Мрачный Жнец заходил, очень вежливо интересовался, когда ты планируешь вернуть инструмент. На твоем месте я бы не заставлял его ждать... он парень злопамятный
desc_relic_angelStaffOfApocalypse|Feel the heavens wrath!|Почувствуй ярость небес! Когда ангелам надоедает петь псалмы, они достают этот посох. Исцеления не жди — только праведный гнев и полная аннигиляция.
desc_relic_rocketBarrage|Mark the spot and let the hell rain.|Отметь крестиком место, где раньше были твои враги. Одно нажатие кнопки — и взрывные «подарки» с неба превратят любую проблему в аккуратный слой пепла и воронку.
desc_relic_shiv|Excellent throwing weapon with sharp blades.|Превосходное метательное оружие. Клинки настолько острые и легкие, что враги замечают их в своей спине раньше, чем ты успеваешь замахнуться.
desc_relic_stickmanSteve|Hihihi my balls are itchy.|Хи-хи, у меня... это... яйца зачесались. Стив — парень простой и честный. Никаких манер, никакой грации, зато бьет так, что искры из глаз летят.
desc_relic_bomb|It’s Bomb. Not Bo-Omb.|Это Бомба. Просто Бомба. И никаких «Бо-бомб»! А то еще прибежит какой-нибудь усатый водопроводчик и начнет прыгать по головам...
desc_relic_meatHook|Let’s get the meat hanging up there.|Свежее мясо! Самое время развесить его по крючкам. Старина Падж был бы в восторге от такого инвентаря.
desc_relic_candyCrusher|It almost feels like a saga.|Начинается бесконечная сладкая сага... Осторожно: вызывает привыкание и желание соединять три черепа в ряд.
desc_relic_cheeseBurger|Ah, the sweet taste of freedom.|Пышная булочка, сочная котлета и столько жира, что враги будут просто соскальзывать с твоих доспехов. Вкус победы с ароматом кунжута!
desc_relic_triForce|Three forces forged together.|Три великие силы, сплавленные воедино. Где-то в другом мире один герой в зеленом колпаке сейчас очень сильно расстроился из-за пропажи.
desc_relic_cactus|Ouch, spiky.|Ай! Колючий, зараза. Отличный способ напомнить врагам, что обнимашки с тобой — плохая идея.
desc_relic_razerBlade|Now this is really sharp, could cut beard with it.|Если тебе надоело кромсать врагов тупым топором — вот решение. Эта штука острее бритвы и в разы эффективнее в вопросах радикального бритья... вместе с головой
desc_relic_assassinsShuriken|Like a true ninja.|Почувствуй себя истинным ниндзя. Скрытность, правда, не гарантируется, зато эти штуки летят довольно эффектно.
desc_relic_theSun|Don’t look straight at it.|Сияет ярче твоего будущего. Не вздумай смотреть прямо на него, если не хочешь, чтобы это стало последним, что ты увидишь.
desc_relic_razerHeadset|I’m all about that base.|Идеальное устройство для тех, кто хочет устроить в Аду настоящую рейв-вечеринку. Басс настолько сильный, что даже у Сатаны из ушей пойдет кровь (от восторга, конечно)
desc_relic_mayosOldSock|Use a gasmask if you choose to carry this around.|Оружие массового поражения. Если враги не умрут от урона, то точно погибнут от осознания того, ЧЕМ их ударили.
desc_relic_tequila|A drop doesn’t kill you, and you can’t drown in a bucket.|После глотка ты либо победишь всех монстров, либо попытаешься с ними подружиться. Оба варианта сулят массу приключений, о которых будет стыдно вспоминать.
desc_relic_theMightySushi|Sushi Motherload!|Роллы «Калифорния» прямиком из Ада. Начинка настолько мощная, что враги взрываются от гастрономического восторга (и избытка углеводов)
desc_relic_karpHead|It might be rotten, according to smell at least.|Рыбья голова с богатым внутренним миром... и ещё более богатым внешним запахом. Даже мухи облетают её стороной, предпочитая старые добрые трупы. Настоящий триумф разложения!
desc_relic_lantern|It’s good to carry light with you when you dwelve in to the dark.|Полезная штука для тех, кто до сих пор боится бабаек под кроватью. В Аду под кроватью обычно сидишь ты, но фонарик лишним не будет.
desc_relic_razorLeaf|Nature offers it’s finest.|Идеально для веганов-карателей. Листочек настолько острый, что им можно обрить медведя или вскрыть чью-то веру в бессмертие. Осторожно: вызывает острую аллергию на жизнь у всех окружающих монстров.
desc_relic_ninjaHook|Swing from roof to roof.|Прибор для тех, кто не ищет легких путей. Позволяет скользить по крышам, пугая местных ворон и призраков своей внезапной (и очень шаткой) ловкостью. Осторожно: попытка притвориться ночным хищником может закончиться очень громким «ШМЯК» о ближайшую стену.
desc_relic_riceChopsticks|Even heroes need to eat.|Две тонкие палочки против легионов тьмы. Кажется нечестным? Только до тех пор, пока ты не начнешь использовать их как шампуры для демонических глаз.
desc_relic_minisect|Smaller hivemind at your service.|Выпускает на волю толпу мелких пакостников. Наносят физический урон врагу и тяжелую психологическую травму любому, кто боится насекомых.
desc_relic_shadeOfDeath|Harness the power of death.|Позволяет примерить полномочия Смерти без необходимости постоянно таскать тяжелую косу. Эффект тот же: враги бледнеют и резко пересматривают планы на жизнь.
desc_relic_dislocatedEye|Who’s eye is this?!|Чей это глаз? Трудно сказать, но смотрит он крайне осуждающе. Кажется, он только что оценил твой наряд, твою походку и твой уровень магического урона на «троечку».
desc_relic_halfEatenMochi|It came from the rice fields.|Невероятно липкий артефакт прямиком с бескрайних полей. Осторожно: этот моти может прилипнуть к твоим пальцам, к твоей совести и к твоему инвентарю до конца времен. 
desc_relic_bonsaiTree|Take good care of it.|Крошечное дерево для тех, кто хочет обрести покой прямо посреди кровавой бани. Только не вздумай поливать его кровью — оно предпочитает слезы поверженных врагов.
desc_relic_daPlayersDislocatedHead|It attracts flies.|Мухи слетаются на неё как безумные, создавая вокруг тебя живое облако. Плюс: враги могут задохнуться от вони. Минус: ты, скорее всего, тоже.
desc_relic_witchClaw|Once used for a ritual to curse someone.|Раньше этот коготь накладывал проклятия, а теперь просто портит врагам настроение (и шкуру). Осторожно: вызывает неконтролируемое желание варить зелья и зловеще хохотать.
desc_relic_shatteredKatana|What use could a broken sword be?|Говорят, размер имеет значение, но этот обломок готов поспорить. Катана стала короче, зато ярости в ней — на три полноценных меча. Идеально для тех, кто любит подходить к врагу вплотную.
desc_relic_orbOfFire|Magical Orb of Fire.|Магическая сфера огня
desc_relic_orbOfIce|Magical Orb of Ice.|Магическая сфера льда
desc_relic_orbOfPoison|Magical Orb of Poison.|Магическая сфера яда
desc_relic_orbOfChaos|Magical Orb of Pure Chaos.|Магическая сфера чистого Хаоса
desc_relic_largeBeer|Don’t show it to Viking, he’ll be asking for another one.|Одна кружка дарит бодрость, две — уверенность, а три... спроси у Викинга, он как раз пытается променять свой щит на четвертую.
desc_relic_bouncy|But for real, how does it bounce?!|Шипастое безумие в движении! Оно не просто прыгает, оно выбирает траекторию так, чтобы ударить побольнее.
desc_relic_balalayka|Play some beautiful tunes.|Если умеешь играть — враги плачут. Если не умеешь — они рыдают от ужаса, потому что твоё бренчание наносит больше урона, чем любая магия.
desc_relic_darts|Very accurate, if you are skilled.|Главное правило: кидать острым концом вперед. Если справишься с этим — считай, полдела сделано.
desc_relic_smallSpikey|Bring some metal into the battlefield.|Время добавить немного «тяжелого металла» в эту битву. Маленький и чертовски острый кусок стали, который оставляет после себя лишь рваные раны.
desc_relic_satansHorn|How did you obtain this?|Он всё ещё теплый и слегка вибрирует от концентрированной злобы. Держать в руках частичку Владыки Ада — дерзко даже для такого героя, как ты.
desc_relic_necromancersFinger|Can be used for some rituals.|Идеальный проводник для темной магии. Предыдущий владелец потерял его во время неудачного ритуала, но, как говорится, «один палец здесь, другой там».
desc_relic_jarOfFlies|Whatever you do, don’t break the jar.|Там внутри явно не бабушкино варенье. Сгусток жужжащей ненависти, готовый вырваться наружу и облепить всё живое. Ради всего святого, не урони эту штуку!
desc_relic_satansTooth|Blergh, it smells like sulfur.|Реликвия с душком. Буквально. Зато в ней столько скрытой огненной мощи, что можно простить этот навязчивый серный «аромат».
desc_relic_butterflyKnife|But can you do tricks with it?|Мелькание лезвия завораживает. Враг смотрит на блестящий металл, а через секунду с удивлением обнаруживает лишнее отверстие в груди.
desc_relic_lightningBall|It was said these were a myth?|Сгусток чистой, дикой энергии. Выглядит завораживающе, трогать руками категорически запрещено (если они тебе дороги). Гудит, искрит и жаждет свободы.
desc_relic_steamSale|Paarma-Gaben :D|Слава Габену! :D
desc_relic_esEnergy|On jumalten juoma.|Жидкое электричество в банке. Дарует невероятную скорость и легкий, едва заметный тремор всего тела. Спать ты не будешь еще неделю.
desc_relic_boomerang|Does it come back?|Идеальный выбор для тех, кто не любит бегать за своими снарядами. Бросай, жди, лови. Если не поймаешь — считай, что враг нанес тебе ответный удар твоим же оружием.
desc_relic_squishyTheSuicidalPig|Just let it die already.|Хлюпик мечтает лишь об одном: героически расплющиться об врага. Не мешай ему исполнить своё взрывное предназначение — это его звёздный час.
desc_relic_satansEye|Collector of Satan’s bodyparts?|Говорят, глаза — зеркало души. В этом зеркале отражается только боль, страдание и языки адского, безжалостного пламени.
desc_relic_mindBender|What even is this?|И что это вообще за чертовщина?
desc_relic_lightCola|The taste is off.|Судя по привкусу ржавчины, срок годности истек еще до твоего рождения. Однако этот ядерный коктейль дарит такой заряд энергии, что ты готов обогнать собственную тень.
desc_relic_theHolyGrail|Mighty artifact with magical properties.|Та самая чаша плотника. Выглядит скромно, но фонит святостью так сильно, что демоны начинают шипеть и плавиться, просто находясь рядом.
desc_relic_monkeyKingBar|Can be extended.|От судьбы не уйдешь, и от этой палки — тоже. Она достанет противника где угодно, игнорируя попытки спрятаться или уклониться.
desc_relic_hornedMask|A Mask!? With Horns!??|Хочешь сойти за своего в Аду? Надень это. Демоны будут в замешательстве ровно столько времени, сколько нужно, чтобы ты их прикончил.
desc_relic_honeyBee|Bzzzz bzz bz bz bzzzzzzz bzzzzz bz bzzzz bzz bzzzzzzzz bz bzzz |Бзззз... бзз... бз... бз... бззззззз... бззззз... бз...
desc_relic_1000kg|Really, really heavy.|Когда слова бессильны, в ход идет тяжелая артиллерия. Этот аргумент весит ровно тонну, и он способен поставить жирную (и очень плоскую) точку в любом споре.
desc_relic_pickledBrain|Tastes like pickles!|Зачем напрягать свои извилины, если можно использовать чужие? Этот законсервированный сгусток нервов всё ещё полон магической энергии.
desc_relic_keyGen|Crack the game!|Вызывает у врагов критическую ошибку сознания. Их мозги просто не могут обработать этот сигнал, что приводит к фатальному завершению работы их жизненных функций.
desc_relic_dragonsHead|Spit fire like a dragon.|Позволяет почувствовать себя огнедышащим монстром, не отращивая хвост и чешую. Осторожно, не опали брови!
desc_relic_winnersDrug|Dopium!|Густая, светящаяся субстанция, бурлящая от переизбытка магии. Заставляет тело работать на 200% возможностей, сжигая жизненные силы ради момента славы. Гарантирует прилив сил и легкую зависимость от разрушения. 
desc_relic_casinoDice|Good luck.|Ставки сделаны! С неба падает смертельный куб, превращая толпу монстров в конфетти. В этом казино выигрыш всегда сопровождается взрывом.
desc_relic_lotteryTicket|Is it a winning ticket?|В этом мире гарантий нет, есть только вероятности. Этот билет — твоя попытка обмануть систему и вырвать у мироздания бонус, который ты, возможно, не заслужил.
desc_relic_vadjra|This old spear belong to one of the fiercest warriors of her time.|Это копье всё ещё помнит тепло рук величайшей воительницы своей эпохи. Оно жаждет битвы и гудит от скрытой мощи, готовое вновь пронзать небеса и врагов.
desc_relic_maryosPipe|Pop in, hop out.|Шедевр итальянской сантехники. Позволяет мгновенно нырнуть в подпространство и вынырнуть там, где враг меньше всего ожидает удара по голове.
desc_relic_rottenApple|Disgusting, but powerful.|Выглядит мерзко, пахнет смертью. При ударе разлетается на ядовитые ошметки, заражая всё вокруг токсичной гнилью.
desc_relic_handOfMidas|Turns stuff into gold, right?|Дарует легендарное «золотое прикосновение». Помни: всё, к чему ты прикоснешься, станет драгоценным металлом. Пожалуйста, воздержись от рукопожатий с друзьями.
desc_relic_oversized|Just like your mother.|Совсем как твоя маман.
desc_relic_fortuneCard|Like a lucky token, keep this in your pocket for good luck.|Редкая коллекционная карточка. В бою абсолютно бесполезна как оружие, но само её наличие в кармане почему-то заставляет вселенную чаще играть на твоей стороне.
desc_relic_deliciousPie|Tastes like heaven.|Бабушкин рецепт. Секретный ингредиент — щепотка любви и немного динамита. Демоны умирают от восторга (и от взрывной волны).
desc_relic_amazonsSpears|Poisonous Spears!|Оружие воительниц, которые не терпят чужаков. Эти копья находят цель с пугающей точностью, оставляя после себя лишь рваные раны и быстро распространяющийся некроз.
desc_relic_jungleVial|Contains raw poison!|Стекло тонкое, а содержимое — крайне едкое. Бросай аккуратно, но сильно: разбиваясь, этот флакон устраивает локальную экологическую катастрофу.
desc_relic_manaDice|Try your luck for mana.|Магия — это всегда риск. Брось кости и посмотри, улыбнется ли тебе удача, или ты останешься с пустым запасом маны перед лицом разъяренного демона.
desc_relic_wizardsHat|Tap to the wizards manapool.|Древний, пыльный и остроконечный артефакт. Выглядит нелепо, зато открывает доступ к бездонным резервам маны. Классика никогда не выходит из моды.
desc_relic_zombiesFace|Spread the disease.|Позволяет поделиться с окружающими «даром» вечного гниения. Инфекция перескакивает с одного монстра на другого, устраивая локальную эпидемию прямо на поле боя.
desc_relic_metalDetector|Where is that ore?|Начинает истошно пищать при приближении к богатству. Для кого-то это просто шум, а для тебя — звон будущих монет. Ни одна жила руды не останется незамеченной.
desc_relic_lootARang|It loots, and returns to you.|Доказывает, что лень — лучшее качество героя. Зачем бегать по всему полю боя, сбивая ноги, если добыча сама может прилететь к тебе в руки?
desc_relic_propHuntKit|Minigames!|Время мини-игр!
desc_relic_doggo|Such rocket, wow.|Отправляет легендарного пса в стратосферу. Столкновение с Луной вызывает метеоритный дождь, который доказывает врагам: мемы могут убивать.
desc_relic_stevesDirtyHead|Hihheeheh my ass is hairy|Стив был тем еще «подарком». Его голова сохранила все худшие качества хозяина: она грязная, шумная и странным образом притягивает неприятности к твоим врагам.
desc_relic_lostWand|Once belonged to a mages apprentice.|Принадлежала ученику мага, который, судя по всему, прогуливал уроки по защите от темных сил. Владельца съели, а палочка всё еще искрит энтузиазмом.
desc_relic_wizardsMindBomb|Mind = Blown.|Мозг = Взорван.
desc_relic_newtTail|Don’t worry, it grows back.|Древний символ успешного отступления. Дарует носителю проворство испуганной рептилии и нюх на редкие артефакты. Главное — вовремя унести ноги (и хвост).
desc_relic_candyBasket|Share the sweets!|Делись сладостями!
desc_relic_snowball|Snowfight!|Снежная битва!
desc_relic_thiefsGlove|A smooth criminal.|Обладает магическим магнетизмом к чужому добру. Золото, драгоценности, артефакты — всё это обретает нового, более достойного владельца. Тебя.
desc_relic_shocker3000|Magnificent creation of Science!|Великолепное творение Науки!
desc_relic_flail|Return after use.|Устраивает монстрам радикальную челюстно-лицевую хирургию без наркоза. Выбивает зубы, дурь и желание жить с одного удара.
desc_relic_soulBox|Soul Collector.|Собиратель душ.
desc_relic_chickenMask|Disguise.|Маскировка.
desc_relic_cursedBook|Book that holds a curse.|Книга, хранящая проклятие.
desc_relic_headExtractor|Decapitator 2000.|Обезглавливатель-2000.
desc_relic_bombBoat|Heavy duty bombs.|Сверхмощные бомбы.
desc_relic_fishNet|Handmade.|Ручная работа.
desc_relic_bookOfCommand|Powerful book.|Могущественная книга.
desc_relic_sucker5000|Magnificent creation of Science!|Великолепное творение Науки!
desc_relic_sucker5000b|Even more magnificent creation of Science!|Еще более великолепное творение Науки!
desc_relic_pulser|Destroy nearby cloaking devices!|Уничтожь маскировочные устройства поблизости!
||
[Relic Talents]||
talent_name_relicRubberDuck|Duck Throw|Бросок утки
talent_name_relicApple|Apple Blast|Яблочный взрыв
talent_name_relicAaronsStaff|Healing Touch|Исцеляющее прикосновение
talent_name_relicBookOfBelial|Satanic Chant|Сатанический напев
talent_name_relicScytheOfBlood|Flying Scythe|Летящая коса
talent_name_relicRainbow|Rainbow Drool|Радужные слюни
talent_name_relicFlySwatter|Memes|Мемы
talent_name_relicAngelStaff|Arch Angel’s Fury|Ярость архангела
talent_name_relicRocketBarrage|Barrage of Rockets|Ракетный обстрел
talent_name_relicShiv|Flying Shivs|Летающие заточки
talent_name_relicStickmanSteve|Call of Steve|Зов Стива
talent_name_relicBomb|Regular Bomb|Обычная бомба
talent_name_relicMeatHook|Meat Hook|Мясной крюк
talent_name_relicCandyCrusher|Candy Crush|Кэнди краш
talent_name_relicNinjaHook|Ninja Hooks|Крюки ниндзя
talent_name_relicShadeOfDeath|Shadow Strike|Теневой удар
talent_name_relicDislocatedEye|Crippling Cold|Сковывающий холод
talent_name_relicOrbOfFire|Hydra’s Calling|Зов гидры
talent_name_relicOrbOfIce|Frost Orb’s Calling|Зов сферы льда
talent_name_relicOrbOfPoison|Toxic Nova’s Calling|Зов ядовитой новы
talent_name_relicOrbOfChaos|Calling of Chaos|Зов Хаоса
talent_name_relicBouncy|Bouncing Spikeball|Прыгающий шипастый шар
talent_name_relicBalalayka|Classic Tunes|Классические мелодии
talent_name_relicDarts|Flying Darts|Летящие дротики
talent_name_relicSatansHorn|Satanic Groundsmash|Сатанический сокрушительный удар
talent_name_relicJarOfFlies|Nasty Flies|Мерзкие мухи
talent_name_relicSatansTooth|Molten Toothache|Раскаленная зубная боль
talent_name_relicBoomerang|Australian Sport|Австралийский спорт
talent_name_relicSquishy|Suicidal Pig|Свинья-самоубийца
talent_name_relicLightCola|Boost of Energy|Прилив энергии
talent_name_relic1000kg|Heavy Weight|Тяжелый вес
talent_name_relicKeyGen|Bluescreen of Death|Синий экран смерти
talent_name_relicDragonsHead|Molten Breath|Огненное дыхание
talent_name_relicCasinoDice|Lucky Dice|Счастливые кости
talent_name_relicVajdra|Stormy Javelin|Грозовой дротик
talent_name_relicMaryosPipe|Pipe Diver|Нырок в трубу
talent_name_relicRottenApple|Mass Hex|Массовое проклятие
talent_name_relicDeliciousPie|So Good|Так вкусно
talent_name_relicWizardsHat|Manalicious|Манохитительно
talent_name_relicLootarang|Sticky Boomerang|Липкий бумеранг
talent_name_relicPropHunt|Prop Hunting|Охота на предметы
talent_name_relicDogeRocket|To the MOON|На ЛУНУ
talent_name_relicHalloweenBasket|Candy Basket|Корзинка с конфетами
talent_name_relicSnowBall|Snowball Throw|Бросок снежка
talent_name_relicThievesGlove|Fiddling Glove|Ловкие пальчики
talent_name_relicShocker|Shocker 9000|Шокер 9000
talent_name_relicFlail|Flailstrike|Удар кистенем
talent_name_relicSoulBox|Open the Box|Открытие шкатулки
talent_name_relicChickenMask|All them Chickens|Куча цыплят
talent_name_relicCursedBook|Dare to Read?|Рискнешь прочесть?
talent_name_relicSucker|Extract Heads|Извлечение голов
talent_name_relicBombBoat|Naval Bomb|Морская бомба
talent_name_relicFishNet|Trap the Fish|Поймать рыбу
talent_name_relicBookOfCommand|Commanding Power|Сила приказа
talent_name_relicSucker5000|Sucking Power|Мощное всасывание
talent_name_relicSucker5000b|Empowered Sucking Power|Усиленная тяга
talent_name_relicDevilHorn|Satanic Replenishment|Сатаническое восполнение
talent_name_relicFireAndIce|Frostburn|Ожог холодом
talent_name_relicDeathsScythe|Reaping|Жатва
talent_name_relicCactus|Spiky Plant|Шипастое растение
talent_name_relicAssassinsShuriken|Shruken Strike|Удар сюрикеном
talent_name_relicRazerHeadSet|Sonar Pulse|Сонарный импульс
talent_name_relicRazorLeaf|Razor Leaves|Режущие листья
talent_name_relicTequila|Drunken Arson|Пьяный поджог
talent_name_relicMightySushi|Tasty Explosion|Вкусный взрыв
talent_name_relicRiceChopsticks|Disarming Strike|Обезоруживающий удар
talent_name_relicDaPlayer|Rotting Carcas|Гниющая туша
talent_name_relicWitchClaw|Hexing Strike|Проклинающий удар
talent_name_relicShatteredKatana|Gust of Wind|Порыв ветра
talent_name_relicLargeBeer|Nausea|Тошнота
talent_name_relicNecromancersFinger|Lost Soul|Заблудшая душа
talent_name_relicLightningBall|Lightning Ball|Шаровая молния
talent_name_relicEsEnergy|Jonnen Valinta|Jonnen Valinta
talent_name_relicSatansEye|Burning Vision|Испепеляющий взор
talent_name_relicHolyGrail|Heaven’s Light|Небесный свет
talent_name_relicWinnersDrug|Dopium!|Допиум!
talent_name_relicLotteryTicket|Lucky Numbers|Счастливые числа
talent_name_relicHandOfMidas|Hand of Midas|Рука Мидаса
talent_name_relicAmazonsSpears|Poisonous Hit|Отравленный удар
talent_name_relicManaDice|Mana Recovery|Восстановление маны
talent_name_relicZombiesFace|Disease|Зараза
talent_name_relicMetalDetector|Node Detection|Поиск руды
talent_name_relicPickledBrain|Aldo’s Rotten Brain|Гнилой мозг Альдо
talent_name_relicDemonSheep|Demon Sheep|Демоническая овца
talent_name_relicSkullbat|Skull Bat|Летучий череп
talent_name_relicShredder|Shredder|Шредер
talent_name_relicFetus|F.E.T.U.S.|П.Л.О.Д.
talent_name_relicTheEye|The Eye|Око
talent_name_relicShrunkenHead|Shrunken Head|Сморщенная голова
talent_name_relicAncientRock|Ancient Rock|Древний камень
talent_name_relicTemplarShield|Templar Shield|Щит тамплиера
talent_name_relicTheAlmightyFedora|The Almighty Fedora|Всемогущая федора
talent_name_relicGuardianAngel|Guardian Angel|Ангел-хранитель
talent_name_relicWarZeppelin|War Zeppelin|Боевой дирижабль
talent_name_relicKarpHead|Karp Head|Голова карпа
talent_name_relicMinisect|Minisect|Минисект
talent_name_relicHoneyBee|Honey Bee|Медоносная пчела
talent_name_relicStevesDirtyHead|Steves Dirty Head|Грязная голова Стива
talent_name_relicDevilSkull|Burst of Rage|Вспышка ярости
talent_name_relicFrozenOrb|Chilling Strike|Леденящий удар
talent_name_relicStormDagger|Lightning Strike|Удар молнии
talent_name_relicOdinsSword|Divine Scorch|Божественное испепеление
talent_name_relicOgreClub|Me Smash!|Моя крушить!
talent_name_relicBasiliksTooth|Stoned|Окаменение
talent_name_relicPulser|Gamma Pulse|Гамма-импульс
||
talent_desc_relicRubberDuck|Throw a duck over your head that explodes in small AOE Magic Damage.|Запускает в полет уточку-террориста. Её пронзительный «кря» — это последнее, что услышит враг перед тем, как его разнесет в клочья магическим уроном по области. Резиновое правосудие в действии!
talent_desc_relicApple|Throw an apple in to the air that explodes in to small projectiles around you that deal Magic Damage.|Подбрасывает яблоко раздора. Оно разлетается на магические осколки, доказывая, что витамины могут быть смертельно опасными. Одно яблоко в день — и врагов как не бывало! Наносит магический урон.
talent_desc_relicAaronsStaff|Heals your self on cast.|Латает твои дыры быстрее, чем демоны успевают проделывать новые. При касте восстанавливает здоровье, даря еще пару минут жизни в этом уютном аду.
talent_desc_relicBookOfBelial|When cast, temporarily boost your Damage.|Дарует темное благословение Белиала, временно увеличивая твой урон. В аду не любят умников, но умников с такой книгой — просто боятся. Пора устроить монстрам настоящий экстерминатус!
talent_desc_relicSwordOfBlood|Throw a spinning scythe dealing AOE damage.|Запускает в полет жаждущий крови клинок. Коса лихо кружится в танце смерти, нанося урон по области всем, кто не успел вовремя пригнуться. Время собирать урожай!
talent_desc_relicRainbow|Cast a rainbow beam forward that deals Magic Damage.|Изрыгает поток концентрированного счастья и радуги прямо в лица опешивших врагов. Наносит магический урон, доказывая на практике: добро бывает не только с кулаками, но и с испепеляющим спектральным излучением.
talent_desc_relicFlySwatter|Cast to read a random meme.|Являет миру случайный мем. Хлесткий удар по здравому смыслу — лучший способ отвлечься от бесконечного истребления демонов.
talent_desc_relicAngelStaff|Cast to unleash apocalypse on small AOE around you dealing Magic Damage.|Устраивает локальный конец света. Небесная кара обрушивается на головы грешников, нанося магический урон. Гневно, пафосно и очень больно.
talent_desc_relicRocketBarrage|Cast to launch 4 rockets towards nearest enemies dealing Damage on impact.|Выпускает квартет самонаводящихся ракет. Маленькие вестники большой беды летят точно в цель, доказывая, что взрывчатка — лучший аргумент в любом споре.
talent_desc_relicShiv|Cast to throw 4 blades towards target location dealing Damage.|Выпускает четверку быстрых и очень злых заточек. Напоминает врагам, что в темных закоулках Ада лучше не расслабляться. Дешево, сердито и чертовски эффективно.
talent_desc_relicStickmanSteve|Cast to summon Stickman Steve to attack nearest enemies dealing Damage.|Вызывает Стива — самого плоского и опасного парня в этом измерении. Он не знает страха, не знает боли и нарисован карандашом, но бьет так, будто в нем сто килограммов чистой ярости.
talent_desc_relicBomb|Cast to leave a bomb behind that explodes in an AOE dealing Damage.|Оставляет позади бомбу, которая вскоре взрывается и наносит урон по области.
talent_desc_relicMeatHook|Cast to hook and pull the nearest enemy closer to you stunning them and dealing Damage.|Выбрасывает стальной крюк, притягивая к тебе ближайшего бедолагу. Иди сюда, фреш-мит! Оглушает жертву и наносит ей урон.
talent_desc_relicCandyCrusher|Cast to launch candy around you exploding and dealing Magic Damage.|Осыпает округу леденцами-камикадзе. Начинка — чистая магия, послевкусие — взрывное. Смерть ещё никогда не была такой приторно-сладкой. Наносит магический урон. 
talent_desc_relicNinjaHook|Cast to hook and pull 3 closest enemies towards you dealing Damage.|Выбрасывает тройной крюк, притягивая к себе сразу трех «счастливчиков». Групповое обнимание — это всегда больно.
talent_desc_relicShadeOfDeath|Cast to strike enemies around you with power of Death stunning and dealing Magic Damage.|Высвобождает силу самой Смерти. Враги впадают в ступор от ужаса, пока их бренные тела получают порцию магического урона.
talent_desc_relicDislocatedEye|Cast to strike enemies around you with Crippling Cold freezing and dealing Cold Damage.|Поражает врагов леденящим взглядом вывихнутого ока. В буквальном смысле. Замораживает всё вокруг, превращая монстров в очень грустные ледяные статуи.
talent_desc_relicOrbOfFire|Cast to summon a fiery hydra that shoots fire at enemies dealing Fire Damage.|Призывает огненную гидру. Она изрыгает пламя, поджаривая врагов до хрустящей корочки. Магическое барбекю заказывали? Наносит урон огнем.
talent_desc_relicOrbOfIce|Cast a Frozen Orb that shoots ice shards while moving towards target location dealing Cold Damage.|Выпускает ледяную сферу, которая на ходу осыпает всех колючими осколками. Идеально для тех, кто хочет устроить врагам внезапный ледниковый период и нанести урон холодом.
talent_desc_relicOrbOfPoison|Cast a poison nova around you dealing Poison Damage and poisoning the enemies.|Создает вокруг тебя облако едкой жижи. Враги начинают зеленеть, кашлять и стремительно терять волю к жизни под действием урона ядом.
talent_desc_relicOrbOfChaos|Cast to explode enemies around you in Chaos dealing Damage.|Вызывает неистовую вспышку чистого Хаоса. Никакого порядка, никакой логики — только энтропия и ошметки монстров, летящие во все стороны. Наводит суету, сеет панику и наносит урон.
talent_desc_relicBouncy|Launch a bouncing spike ball towards target location dealing Damage on impact.|Запускает очень сердитый шипастый шар. Он весело скачет по головам, превращая врагов в решето. Гравитация еще никогда не была такой колючей.
talent_desc_relicBalalayka|Cast to play incredible solo that explodes in small AOE (because it’s so good) and deals Damage.|Выдает настолько зубодробительное соло, что струны рвутся вместе с барабанными перепонками врагов. Испепеляющая мощь всего на трёх струнах.
talent_desc_relicDarts|Cast to throw darts in a circle around you dealing Damage on hit.|Устраивает врагам сеанс бесплатной акупунктуры. Рассыпает острые дротики во все стороны, нанося урон каждому, кому не повезло оказаться в радиусе поражения. Дешево, сердито и очень дыряво.
talent_desc_relicSatansHorn|Cast to raise spikes around target location dealing Damage.|Заставляет землю разродиться дьявольскими шипами. Педикюр по-преисподнински: больно, и запомнится надолго (если переживешь).
talent_destalent_desc_relicJarOfFlies|Cast to release a fly from the jar to your close proximity dealing Damage on hit.|Выпускает из банки разъяренную муху: она ожесточенно кусает монстров за всё подряд, нанося им урон (и тяжелую эмоциональную травму).
talent_desc_relicSatansTooth|Cast to set enemies around you in flames for a short period dealing Fire Damage.|Поджигает всё живое вокруг, устраивая врагам персональный филиал ада. У этого зуба явно были проблемы с гигиеной, зато его «дыхание» наносит отличный урон огнем. Горячая штучка!
talent_desc_relicBoomerang|Cast to throw a boomerang in towards target location dealing Damage on hit.|Запускает австралийский снаряд возмездия. Наносит урон и — сюрприз! — возвращается обратно. Главное — поймать его, а не подставить лицо.
talent_desc_relicSquishy|Cast to summon Squishy the Suicidal Pig to run towards nearest enemy and drop a stone on itself dealing Damage.|Призывает Хлюпика — свинью-самоубийцу, которая бежит к врагу и роняет на себя камень, нанося урон.
talent_desc_relicLightCola|Cast to drink cola that increases your Movement Speed for short period.|Живительная влага с нулевым содержанием смысла и сахара. Увеличивает скорость передвижения. Идеально, чтобы убежать от ответственности, бывших или того огромного демона с топором!
talent_desc_relic1000kg|Cast to drop a 1000kg weight on target location dealing Damage.|Обрушивает на цель тонну чистой гравитации. Приятного сплющивания! После такого удара враги становятся плоскими, как Стикмен Стив.
talent_desc_relicKeyGen|Stun and deal Damage to literally everything on the screen.|Активирует критическую ошибку в мироздании. Оглушает и калечит вообще всё на экране. Синий экран смерти — лучший способ «вылечить» назойливых монстров.
talent_desc_relicDragonsHead|Cast to breath fire towards target location dealing Fire Damage.|Позволяет почувствовать себя настоящим чешуйчатым ящером, который зрыгает поток первобытного пламени, превращая поле боя в филиал преисподней. Наносит урон огнем и устраивает демонам внеплановое барбекю. Главное — не опалить собственные брови! Осторожно: очень горячее дыхание!
talent_desc_relicCasinoDice|Cast to drop a Casino Dice on target location exploding and dealing Damage.|Бросает игральную кость, которая взрывается при падении и наносит урон.
talent_desc_relicVajdra|Cast to throw a storm javelin towards target location that casts chain lightning dealing Lightning Damage.|Мечет громовой дротик, который выпускает ветвистую цепную молнию. Электричество не ищет правых и виноватых — оно просто превращает всех в хрустящие угольки, нанося урон молнией.
talent_desc_relicMaryosPipe|Cast to teleport a short distance to target location.|Позволяет косплеить знаменитого водопроводчика. Ныряешь в трубу здесь, выныриваешь там — демоны в шоке, принцесса в другом замке, зато телепортация работает как надо!
talent_desc_relicRottenApple|Cast to quickly poison all targets around you dealing Poison Damage.|Отравит жизнь кому угодно. Мгновенно заражает всех вокруг такой гадостью, что монстры начинают завидовать мертвым. Наносит урон ядом.
talent_desc_relicDeliciousPie|Cast to summon a pie on the ground that explodes after some time dealing Damage.|Оставляет на земле аппетитный пирог с сюрпризом. Начинка: ярость, магия и немного изюма. А изюм, как известно, — самое страшное оружие в Аду.
talent_desc_relicWizardsHat|Cast to instantly restore some Mana.|Мгновенно извлекает из потайного отделения шляпы порцию маны. Фокус-покус — и ты снова готов засыпать всех заклинаниями!
talent_desc_relicLootarang|I argue that this talent does not exist.|Я утверждаю, что этого таланта не существует.
talent_desc_relicPropHunt|I argue that this talent does not exist.|Я утверждаю, что этого таланта не существует.
talent_desc_relicDogeRocket|Cast on target location to summon a Doge rocket that flies off and collides with the moon which causes moon fragments to rain back down dealing Damage. Much Wow.|Запускает в небо ракету Доге. Она врезается в Луну и вызывает дождь из лунных камней. Такое вау! Очень больно. Много урона. Крипто-мощь!
talent_desc_relicHalloweenBasket|Cast to summon a candy basket on target location that explodes after some time launching candy in air that deal Damage.|Оставляет корзинку с «сюрпризом». Сладость или гадость? Сначала кажется, что это угощение, а потом — БАБАХ! Взрыв подбрасывает конфеты, превращая поле боя в диабетический кошмар. Самый липкий и праздничный способ отправить монстров на тот свет!
talent_desc_relicSnowBall|Cast to throw a snowball in target direction dealing Cold Damage.|Запускает во врага снежок с магическим «сюрпризом» внутри. Наносит урон холодом и заставляет противника вспомнить все обиды из детства. Самый холодный прием в твоем арсенале!
talent_desc_relicThievesGlove|Cast to launch a glove towards the nearest target stealing their wallet.|Запускает перчатку в ближайшую цель. Ловкость рук и никакого мошенничества: кошелек бедолаги мгновенно меняет владельца.
talent_desc_relicShocker|Cast to launch an electric charge towards target location socking the enemy.|Запускает во врага мощный разряд. Устраивает монстру радикальную шоковую терапию, от которой волосы встают дыбом даже там, где их никогда не было.
talent_desc_relicFlail|Cast to start spinning a flail dealing Damage to enemies hit.|Начинает раскручивать цеп с грацией бешеного хряка. Наносит урон всем, кто оказался недостаточно приземистым.
talent_desc_relicSoulBox|Cast to drop a soul box on the ground for a short period.|Оставляет на земле шкатулку-пылесос. Она жадно собирает души поблизости, пока ты занимаешься важными делами.
talent_desc_relicChickenMask|Cast to equip a chicken mask on Death.|Нахлобучивает куриную маску на лик самой Смерти. Теперь Костлявая выглядит не так уж грозно, зато крайне... кукарекабельно.
talent_desc_relicCursedBook|Holds a curse against Anubis.. Use with caution.|Содержит проклятие, от которого у Анубиса до сих пор дергается левый глаз. Используй на свой страх и риск. Помни: боги с головой шакала очень злопамятны и прекрасно берут след.
talent_desc_relicSucker|I argue that this talent does not exist.|Я утверждаю, что этого таланта не существует.
talent_desc_relicBombBoat|Cast to shoot a cannonball towards the ships on the coast.|Выстреливает тяжелым пушечным ядром в сторону воображаемых кораблей на горизонте. Идеально подходит для тех, кто в душе отважный корсар, но по какой-то причине застрял на суше.
talent_desc_relicFishNet|Cast to throw a net on the ground that catches fish.|Закидывает сеть. Если повезет — поймаешь рыбу, если нет — чьи-нибудь старые сапоги или приключения на свою голову.
talent_desc_relicBookOfCommand|Shuts down any nearby portals..|Захлопывает ближайшие порталы с такой силой, что у демонов по ту сторону закладывает уши.
talent_desc_relicSucker5000|Cast to suck in enemies.|Включает режим турбо-пылесоса. Засасывает врагов с эффективностью, которой позавидует любая домохозяйка.
talent_desc_relicSucker5000b|Cast to suck in black holes.|Демонстрирует, кто здесь настоящий хозяин гравитации. Засасывает черные дыры так легко, будто это просто крошки на скатерти мироздания. Физика рыдает в углу, пока ты пылесосишь само пространство-время.
talent_desc_relicDevilHorn|Gain increased Life Replenish for a short period!|Пробуждает дьявольскую живучесть! На короткое время значительно ускоряет восстановление здоровья. Теперь ты регенерируешь быстрее, чем демоны успевают тебя кусать, а твои раны затягиваются прямо на глазах, будто ты только что подписал очень выгодный (но юридически сомнительный) контракт с преисподней.
talent_desc_relicFrozenOrb|Perform a chilling AOE strike dealing extra damage and freezing enemies.|Наносит сокрушительный удар по области, превращая врагов в очень грустные ледяные статуи. Противники замирают в глубоком почтении (и в глыбе льда), получая дополнительный урон холодом.
talent_desc_relicStormDagger|Perform a charged attack striking enemies with thunder bolts.|Совершает стремительный выпад, обрушивая на врагов гнев небес. Заряженная атака, после которой у выживших еще долго будут стоять волосы дыбом.
talent_desc_relicOdinsSword|Perform a fiery attack setting enemies on fire.|Устраивает врагам экспресс-тур в Вальхаллу через огненное крещение. Поджигает всех, кто не согласен с твоим мнением, нанося урон огнем.
talent_desc_relicDevilSkull||
talent_desc_relicOgreClub||
talent_desc_relicBasiliksTooth||
talent_desc_relicFireAndIce||
talent_desc_relicDeathsScythe||
talent_desc_relicCactus||
talent_desc_relicAssassinsShuriken||
talent_desc_relicRazerHeadSet||Обрушивает на врагов мощный сонарный импульс. Геймерская мощь, от которой у монстров закладывает уши и пропадает желание «троллить» героя.
talent_desc_relicRazorLeaf||
talent_desc_relicTequila||Устраивает настоящий «пьяный поджог». Градус настолько высок, что враги вспыхивают от одного твоего перегара. Осторожно: вызывает похмелье даже у демонов.
talent_desc_relicMightySushi||Устраивает «вкусный взрыв». Васаби бьет в нос так сильно, что врагов разрывает на части от гастрономического восторга. С имбирем было бы жестче!
talent_desc_relicRiceChopsticks||
talent_desc_relicDaPlayer||
talent_desc_relicWitchClaw||
talent_desc_relicShatteredKatana||
talent_desc_relicLargeBeer||Заставляет врагов почувствовать все прелести вчерашней гулянки. Вызывает тошноту и осознание, что пить наперегонки с Викингом было плохой идеей.
talent_desc_relicMagnet||
talent_desc_relicNecromancersFinger||Призывает заблудшую душу, которой очень одиноко. Настолько, что она готова вцепиться в первого встречного монстра и не отпускать до самого конца.
talent_desc_relicLightningBall||
talent_desc_relicEsEnergy||
talent_desc_relicSatansEye||
talent_desc_relicHolyGrail||
talent_desc_relicWinnersDrug|Chance on cast to increase your magic skill damage and faster cast rate for a short duration.|При использовании есть шанс повысить урон магических навыков и скорость каста на короткое время.
talent_desc_relicLotteryTicket||
talent_desc_relicHandOfMidas||
talent_desc_relicAmazonsSpears||
talent_desc_relicManaDice|Chance on cast to replenish a portion of your maximum mana.|Бросок костей на удачу! Каждый каст может обернуться магическим джекпотом, восстанавливающим часть твоего максимального запаса маны. Ставки сделаны, маны нет? Сейчас проверим!
talent_desc_relicZombiesFace||
talent_desc_relicMetalDetector||Включает режим поиска сокровищ. Пищит так азартно, что ни одна жила руды не спрячется. Демоны ненавидят этот звук, а твой кошелек — обожает.
talent_desc_relicPickledBrain||
talent_desc_relicDemonSheep||
talent_desc_relicSkullbat||
talent_desc_relicShredder||
talent_desc_relicFetus||Выпускает... ЭТО. П.Л.О.Д. выглядит странно, пахнет ещё хуже, но сражается за тебя с какой-то первобытной, пугающей преданностью.
talent_desc_relicTheEye||
talent_desc_relicShrunkenHead||
talent_desc_relicAncientRock||
talent_desc_relicTemplarShield||
talent_desc_relicTheAllmightyFedora||
talent_desc_relicGuardianAngel||
talent_desc_relicWarZeppelin||
talent_desc_relicKarpHead||Думаешь, голова рыбы бесполезна? Как бы не так! Она плещется с такой яростью, что враги погибают если не от урона, то от полного недоумения.
talent_desc_relicMinisect||
talent_desc_relicHoneyBee||
talent_desc_relicStevesDirtyHead||
talent_desc_relicScytheOfBlood||Выпускает в полет жаждущую крови косу. Она кружит среди толпы, превращая врагов в аккуратную мясную нарезку.
talent_desc_relicPulser|Send a wave of radiation that destroys nearby cloaking devices.|Испускает волну радиации, уничтожающую маскировочные устройства поблизости.