[quest]|en|ru
||
ID|Оригинал (EN)|Исправленный Перевод
[TUTORIAL]||
quest_name_1|Skills and Stats|Навыки и характеристики
quest_description_1|Assign a Skill Point, Attribute Points and Bind an Active Skill.|Распределите очки навыков и характеристик, а затем назначьте активный навык в ячейку.
quest_objective_1_1|Open Stat & Skill tree|Открыть древо характеристик и навыков
quest_objective_1_2|Assign an Attribute Point|Распределить очки характеристик
quest_objective_1_3|Assign a Skill Point|Распределить очки навыков
quest_objective_1_4|Bind a Skill into a Skill Button|Назначить навык в активную ячейку
||
quest_name_2|Keys and Chests|Ключи и сундуки
quest_description_2|Pick up the key, open your Inventory by pressing ”[input_inventory]” and navigate to your key ring. Then proceed towards north to open the Golden Chest by the well.|Подберите ключ, откройте инвентарь клавишей «[input_inventory]» и перейдите к связке ключей. Затем ступайте на север и откройте золотой сундук у колодца.
quest_objective_2_1|Pick up the Key|Подобрать ключ
quest_objective_2_2|Open Key Ring in the Inventory|Открыть связку ключей в инвентаре
quest_objective_2_3|Open Chest by the well in north|Открыть сундук у колодца на севере
||
quest_name_3|Autofilling the belt|Пояс с автозаполнением
quest_description_3|Pick up the belt and open your inventory, navigate to the potion tab and enable autofill potions. This will fill a new potion into your belt when one is used!|Подберите пояс и откройте инвентарь. Во вкладке зелий включите автозаполнение. Теперь новые зелья будут сами занимать место на поясе вместо выпитых!
quest_objective_3_1|Pickup Belt|Подобрать пояс
quest_objective_3_2|Enable Auto Fill in Inventory|Включить автозаполнение в инвентаре
||
quest_name_4|Bunny Hopping|Прыткость
quest_description_4|Land on these indicators! Its easy! Just press ”[input_jump]” and your character will land on your cursors location!|Прыгайте точно в указанные точки! Это просто: нажмите «[input_jump]», и Ваш герой приземлится там, где находится курсор.
quest_objective_4_1|Jumps performed|Совершено прыжков
||
quest_name_5|Rotten and moldy firewood|Гнилые и прелые дрова
quest_description_5|Make firewood out of that beast! The corrupted ent is located north east.|Пустите этого зверя на дрова! Оскверненный энт затаился на северо-востоке.
quest_objective_5_1|Scorchwood Slain|Скорчвуд повержен
||
quest_name_18|Learn to mine|Основы горного дела
quest_description_18|Mine copper ore on normal difficulty.|Добывайте медную руду на обычной сложности.
quest_objective_18_1|Copper Ore|Медная руда собрана
||
quest_name_19|Chaos Tower|Башня Хаоса
quest_description_19|Solve the mystery of the Chaos Tower.|Разгадайте тайную Башни Хаоса.
quest_objective_19_1|Towers cleared|Башен зачищено
quest_objective_19_2|King Rakhul slain|Король Рахул повержен
quest_objective_19_3|Find Kukkonen|Найти Кукконена
||
quest_name_20|Learn Jewelcrafting|Изучение ювелирного дела
quest_description_20|Prospect copper ore|Займитесь разведкой медной руды.
quest_objective_20_1|Copper Ore prospected|Медная руда разведана
||
quest_name_21|Fortune told|Предсказание судьбы
quest_description_21|Prophet Luna has shown you a glimpse into the future...[nl][c_heroic]([fortune_item_name])[c_reset][nl]Now the question is when?|Пророчица Луна даровала Вам видение будущего...[nl][c_heroic]([fortune_item_name])[c_reset][nl]Вопрос лишь в том — когда оно явится наяву?
quest_objective_21_1|Fortune fulfilled|Пророчество исполнено
quest_objective_21_2|Enemies killed|Врагов убито
quest_objective_21_3|Vanaheim Entered|Войти в Ванахейм
||
[HALLOWEEN EVENT]||
quest_name_100|Trick or Treat!|Сладость или гадость!
quest_description_100|You must collect a lot of candy in Act 1. A. Lot.|Вам нужно собрать уйму сладостей в первом акте. Очень. Много. Конфет.
quest_objective_100_1|Candy collected|Сладостей собрано
||
quest_name_101|Find the Candy Apples!|В поисках сахарных яблок
quest_description_101|Find a Candy Apple in each Act.|Найдите по сахарному яблоку в каждом акте.
quest_objective_101_1|Act I Apple found|Яблоко в I акте найдено
quest_objective_101_2|Act II Apple found|Яблоко во II акте найдено
quest_objective_101_3|Act III Apple found|Яблоко во III акте найдено
quest_objective_101_4|Act IV Apple found|Яблоко во IV акте найдено
||
quest_name_102|Trick them all!|Всех обмануть!
quest_description_102|Use the Candy Basket to trick enemies.|Используйте корзину со сладостями, чтобы заманивать врагов.
quest_objective_102_1|Enemies lured into baskets|Врагов заманено в корзины
||
quest_name_103|Death has the answer|У смерти есть ответ
quest_description_103|Kill Candy Grim Reaper in Act II.|Убейте Сахарного Жнеца во втором акте.
quest_objective_103_1|Candy Grim Reaper killed|Сахарный Жнец убит
||
quest_name_104|Kill the Pumpkin King|Смерть Королю тыкв
quest_description_104|Kill Damien the Pumpkin King in Act IV.|Убейте Дэмиена, Короля тыкв, в четвертом акте.
quest_objective_104_1|Damien the Pumpkin King killed|Король тыкв Дэмиен убит
||
quest_name_110|Lost Skull|Потерянный череп
quest_description_110|Take this snoring skull back to Town of Inoya and hang it somewhere.|Отнесите этот храпящий череп в Иною и повесьте его где-нибудь.
quest_objective_110_1|Skull hanged|Череп водружен
||
quest_name_111|Hanging Straight|Ровная осанка
quest_description_111|Find the skeleton's spine and pelvis from any Ancient Skeleton.|Добудьте позвоночник и таз любого древнего скелета.
quest_objective_111_1|Spine found|Позвоночник найден
||
quest_name_112|Main Hand|Ведущая рука
quest_description_112|Collect the skeleton's right hand from any Ancient Skeleton.|Добудьте правую кисть любого древнего скелета.
quest_objective_112_1|Hand found|Кисть найдена
||
quest_name_113|Secondary Hand|Вторая рука
quest_description_113|Collect the skeleton's left hand from any Ancient Skeleton.|Добудьте левую кисть любого древнего скелета.
quest_objective_113_1|Hand found|Кисть найдена
||
quest_name_114|Footwork|Работа ног
quest_description_114|Collect the skeleton's right foot from any Ancient Skeleton.|Добудьте правую стопу любого древнего скелета.
quest_objective_114_1|Leg found|Стопа найдена
||
quest_name_115|Happy Feet|Резвые ноги
quest_description_115|Collect the skeleton's left foot from any Ancient Skeleton.|Добудьте левую стопу любого древнего скелета.
quest_objective_115_1|Leg found|Стопа найдена
[Halloween dailies]||
quest_name_120|Fill the Pot|Наполни котел
quest_description_120|Collect ingredients in Act I.|Соберите ингредиенты в первом акте.
quest_objective_120_1|Spider legs|Паучьи лапки
quest_objective_120_2|Maggot's slime|Слизь опарыша
quest_objective_120_3|Pumpkin juice|Тыквенный сок
quest_objective_120_4|Rat ears|Крысиные уши
||
quest_name_121|Kill Gurag|Убить Гурага
quest_description_121|Collect Gurag's spirit by using the Soul Box.|Плените дух Гурага с помощью Ковчега душ.
quest_objective_121_1|Gurag's spirit|Дух Гурага пленен
||
quest_name_122|Feather party!|Пернатый переполох
quest_description_122|Find chickens in Act II and collect their feathers.|Найдите кур во втором акте и соберите их перья.
quest_objective_122_1|Feathers|Добыть перья
||
quest_name_123|Embarrass Death|Жнец высмеян
quest_description_123|During the fight throw the chicken mask at the Grim Reaper and kill him.|Во время битвы бросьте куриную маску в Мрачного Жнеца, а затем убейте его.
quest_objective_123_1|Death embarrassed|Смерть посрамлена
||
quest_name_124|Gathering ingredients|Сбор ингредиентов
quest_description_124|Collect the following ingredients in Act III.|Соберите следующие ингредиенты в третьем акте.
quest_objective_124_1|Ghost skulls|Черепа призраков
quest_objective_124_2|Dust feeder teeth|Зубы пылеяда
quest_objective_124_3|Mummy bandages|Бинты мумии
quest_objective_124_4|Spellbook|Книга заклинаний
||
quest_name_125|Anubis' Own Medicine|Горькое лекарство Анубиса
quest_description_125|Curse Anubis with the Cursed Book.|Прокляните Анубиса с помощью Проклятой книги.
quest_objective_125_1|Anubis cursed|Анубис проклят
||
quest_name_126|Suck it!|Сбор урожая
quest_description_126|Suck in 30 Damien's heads using the head extractor.|Соберите 30 голов Дэмиена с помощью экстрактора голов.
quest_objective_126_1|Heads extracted|Голов собрано
||
[XMAS EVENT]||
quest_name_200|Sweet annihilation|Сладкое истребление
quest_description_200|Collect candy canes in Act I.|Собирайте карамельные трости в первом акте.
quest_objective_200_1|Candy canes collected|Тростей собрано
||
quest_name_201|My Grandma made those!|Бабушкина работа!
quest_description_201|Retrieve the Christmas stockings from Gurag in Act I.|Заберите рождественские чулки у Гурага в первом акте.
quest_objective_201_1|Christmas stockings retrieved|Чулки возвращены
||
quest_name_202|Building a Snowman|Слепить снеговика
quest_description_202|Collect snowballs by killing enemies in Act II.|Добывайте снежки, убивая врагов во втором акте.
quest_objective_202_1|Snowballs collected|Снежков собрано
||
quest_name_203|Find my head!|Где моя голова?
quest_description_203|Retrieve Snowman's head from Grim Reaper in Act II.|Заберите голову Снеговика у Мрачного Жнеца во втором акте.
quest_objective_203_1|Snowman's head retrieved|Голова снеговика найдена
||
quest_name_204|Snowball fight!|Снежная баталия
quest_description_204|Use the Snowball relic to cover enemies in snow!|Используйте реликвию «Снежный ком», чтобы засыпать врагов снегом!
quest_objective_204_1|Enemies hit|Врагов поражено
||
quest_name_205|It's so dark|Мрак сгущается
quest_description_205|Collect Christmas lights in Act III.|Соберите рождественские огни в третьем акте.
quest_objective_205_1|Christmas lights collected|Огни собраны
||
quest_name_206|This town is missing something...|Городу чего-то не хватает...
quest_description_206|Retrieve the Christmas Tree from Anubis in Act III.|Заберите рождественскую ель у Анубиса в третьем акте.
quest_objective_206_1|Christmas tree retrieved|Ель возвращена
||
quest_name_207|Robin Hood is my idol|По стопам Робин Гуда
quest_description_207|Use Thief's glove to steal Christmas decorations from enemies.|Используйте перчатку вора, чтобы красть елочные украшения у врагов.
quest_objective_207_1|Christmas decoration stolen|Украшений украдено
||
quest_name_208|Let's bring the Christmas spirit!|Дух Рождества
quest_description_208|Retrieve the Christmas star from Damien in Act IV.|Заберите рождественскую звезду у Дэмиена в четвертом акте.
quest_objective_208_1|Christmas star retrieved|Звезда возвращена
||
quest_name_209|Santa needs help!|Санте нужна помощь!
quest_description_209|Enter North Pole from Danethorpe and help Santa.|Отправляйтесь на Северный полюс из Дэнторпа и придите на помощь Санте.
quest_objective_209_1|North Pole reached|Северный полюс достигнут
quest_objective_209_2|Santa saved|Санта спасен
||
[ANNIVERSARY EVENT]||
quest_name_300|Insert Coin|Бросьте монетку
quest_description_300|Retrieve an Ancient Coin from Gurag in Act I.|Добудьте древнюю монету, победив Гурага в первом акте.
quest_objective_300_1|Coin retrieved|Монета добыта
||
[GATES_OF_VALHALLA]||
quest_name_399|Memory of Mevius|Воспоминания Мевиуса
quest_description_399|Enter the portal to the Memory of Mevius in south east of Inoya|Войдите в портал «Воспоминания Мевиуса» на юго-востоке Инои.
quest_objective_399_1|Memory of mevius entered|Войти в Воспоминания Мевиуса
||
quest_name_400|Welcome to Valhalla|Добро пожаловать в Вальхаллу
quest_description_400|Reach Plain of Ida in Act 8 Zone 2.|Доберитесь до Равнины Ида (Акт 8, зона 2).
quest_objective_400_1|Plain of Ida reached|Равнина Ида достигнута
||
quest_name_401|Valkyrie Hunting|Охота на валькирию
quest_description_401|Get the key to Valhalla from the Valkyrie.|Добудьте ключ от Вальхаллы у Валькирии.
quest_objective_401_1|Valkyrie found|Валькирия найдена
quest_objective_401_2|Key obtained|Ключ получен
||
quest_name_402|Gates of Valhalla|Врата Вальхаллы
quest_description_402|Return to Act 8 Zone 2 and enter Valhalla. |Вернитесь в зону 2 восьмого акта и войдите в Вальхаллу.
quest_objective_402_1|Valhalla entered|Войти в Вальхаллу
||
quest_name_403|Access Denied|Доступ закрыт
quest_description_403|Find a way forward through the caves.|Найдите путь через пещеры.
quest_objective_403_1|Cave explored|Пещера исследована
||
quest_name_404|Eternal Peace|Вечный покой
quest_description_404|Help Astrid find her childs Toy Bear in Act 8 Zone 4.|Помогите Астрид найти плюшевого мишку ее ребенка в зоне 4 восьмого акта.
quest_objective_404_1|Toy found|Игрушка найдена
||
quest_name_405|Purge|Очищение
quest_description_405|Slay the Corrupted Refugees in Act 8 Zone 4.|Убейте оскверненных беженцев в зоне 4 восьмого акта.
quest_objective_405_1|Corrupted souls slain|Оскверненные души убиты
||
quest_name_406|River Rapids|Речные пороги
quest_description_406|Travel to Helheim through River Gjöll.|Отправляйтесь в Хельхейм по реке Гьёлль.
quest_objective_406_1|Gate of Helheim reached.|Врата Хельхейма достигнуты
||
quest_name_407|Destiny|Судьба
quest_description_406|Slay Corrupted Odin.|Сразите оскверненного Одина.
quest_objective_407_1|Odin slain|Один повержен
||
quest_name_408|The Awesome Ring - part 1|Чудесное кольцо — часть 1
quest_description_408|Collect lots of braggite.|Соберите побольше браггита.
quest_objective_408_1|Braggite collected|Браггит собран
||
quest_name_409|Mystery Key|Таинственный ключ
quest_description_409|Find out where the key goes to.|Узнайте, какую дверь открывает этот ключ.
quest_objective_409_1|Find the owner of the key.|Найти владельца ключа
||
quest_name_410|The Awesome Ring - part 2|Чудесное кольцо — часть 2
quest_description_410|Collect Essence of the Gods from bosses.|Добывайте эссенцию богов, побеждая боссов.
quest_objective_410_1|Essence of the Gods collected|Эссенция богов собрана
||
quest_name_411|The Awesome Ring - part 3|Чудесное кольцо — часть 3
quest_description_411|Find your desired Awesome Gem.|Найдите тот самый чудесный самоцвет.
quest_objective_411_1|Gem collected|Самоцвет получен
||
quest_name_420|Chains of Gold|Золотые цепи
quest_description_420|Mine and transport 20 kg of gold from the fallen chains to safety.|Добудьте и перенесите 20 кг золота из павших цепей в безопасное место.
quest_objective_420_1|kg gold transported|кг золота перенесено
quest_objective_420_2|Troll patrol slain|Патруль троллей уничтожен
||
quest_name_430|Hungry Haldor|Голодный Хальдор
quest_description_430|Get the meat of a delicious hog.|Добудьте мясо упитанного вепря.
quest_objective_430_1|Meat collected|Мясо собрано
quest_objective_430_2|Meat cooked|Мясо приготовлено
||
quest_name_431|Hurrdurr’s Rollercoaster|Лихая поездка Хёррдурра
quest_description_431|Find cart wheels in Forgotten Caves and attach them to Hurrdurr’s cart.|Найдите колеса для телеги в Забытых пещерах и почините повозку Хёррдурра.
quest_objective_431_1|Wheels found|Колеса найдены
quest_objective_431_2|Wheels attached|Колеса прикреплены
||
quest_name_432|Balldur Muspelheim|Балдур в Муспельхейме
quest_description_432|Do the thing|Сделайте то, что должно.
quest_objective_432_1|Thing done|Дело сделано
||
quest_name_433|Frøya’s Scale Armor|Чешуйчатый доспех Фрейи
quest_description_433|Collect Naga scales and return them to Frøya in Act 8 Zone 2.|Соберите чешую наг и верните ее Фрейе в зоне 2 восьмого акта.
quest_objective_433_1|Scales collected|Чешуя собрана
||
quest_name_434|Tired Viking|Утомленный викинг
quest_description_434|Find potion reagents and conjure it in Act 8 Zone 5.|Найдите реагенты и сварите зелье в зоне 5 восьмого акта.
quest_objective_434_1|Doom weed|Дурман-трава
quest_objective_434_2|Water from Gjöll|Вода из Гьёлля
quest_objective_434_3|Corrupted dirt|Оскверненная земля
quest_objective_434_4|Potion conjured|Зелье сварено
||
quest_name_435|Beacons of Gjöll|Маяки Гьёлля
quest_description_435|Ignite the four beacons to open the gate to the tunnel.|Зажгите четыре маяка, чтобы отворить врата в туннель.
quest_objective_435_1|Ignite Northwest beacon|Зажечь северо-западный маяк
quest_objective_435_2|Ignite Northeast beacon|Зажечь северо-восточный маяк
quest_objective_435_3|Ignite Southwest beacon|Зажечь юго-западный маяк
quest_objective_435_4|Ignite Southeast beacon|Зажечь юго-восточный маяк
quest_objective_435_5|Travel through the tunnel|Пройти через туннель
quest_objective_435_6|Explore Island|Исследовать остров
quest_objective_435_7|Slay Jormungandr|Сразить Йормунганда
||
[Valhalla dailies]||
quest_name_440|River Raider|Речной налетчик
quest_description_440|Complete River Gjöll.|Пройдите по реке Гьёлль.
quest_objective_440_1|Jörmungar slain|Йормунгар повержен
quest_dialog_440|Gjallarknut here! Remember me? We had an epic adventure on river Gjöll and gave that big snake a good whoop! But alas, it's back eating my customers! I'll reward you if you're up for another whooping.|Гьялларкнут на связи! Помните меня? Как мы лихо прошлись по Гьёллю и задали жару этой змеюке! Увы, она вернулась и снова жрет моих клиентов. Награда ждет Вас, если готовы повторить ту взбучку!
||
quest_name_441|The Golden Heist|Золотое ограбление
quest_description_441|Find and use a glowing rock to find and collect the Golden Warrior statue from Gladsheim.|Найдите и используйте сияющий камень, чтобы отыскать статую Золотого воителя в Гладсхейме.
quest_objective_441_1|Statue collected|Статуя найдена
quest_dialog_441|I know this is no job for a hero, but to be one you sometimes need to take a dip to the dark side. [c_yellow]Inside the walls of Gladsheim Halls[c_reset] is hidden a precious little statue, the Golden Warrior portraying the Leader of Valkyries. I wa... WE need it, for uhm.. MUSEUM! Yes, a museum of.. statues... Anyway, we pay a handsome amount of gold for it. There are special [c_yellow]glowing stones[c_reset] inside the halls. Its illumination might help you find the statue...|Знаю, это не самое достойное занятие для героя, но иногда ради великих целей приходится ступить на кривую дорожку. В [c_yellow]чертогах Гладсхейма[c_reset] спрятана бесценная статуэтка — Золотой воитель, изображающий предводительницу валькирий. Мне... то есть НАМ она нужна для... э-э... музея! Да, музея статуй. В общем, я щедро заплачу. В залах есть [c_yellow]сияющие камни[c_reset], их свет поможет Вам в поисках...
||
quest_name_442|Naga Treasury|Сокровищница наг
quest_description_442|Retrieve the Golden Snake amulet from Naga Temple.|Добудьте амулет Золотого змея из Храма наг.
quest_objective_442_1|Amulet found|Амулет найден
quest_objective_442_2|Temple escaped|Храм покинут
quest_dialog_442|Rumor has it that the Naga Temple holds the greatest treasury in Valhalla. It is also said to be the home of the Golden Snake amulet. Find it, and bring it here for my collection. Beware: Nagas are known to be sneaky and mischievous, your way back might not be as easy as you think. |Поговаривают, что Храм наг хранит величайшие богатства Вальхаллы. Там же якобы покоится амулет Золотого змея. Найдите его и принесите в мою коллекцию. Но берегитесь: наги коварны и хитры, обратный путь может оказаться куда сложнее, чем Вы думаете.
||
quest_name_443|The Crown of Surtr|Корона Сурта
quest_description_443|Remove Surtr's crown in Muspelheim.|Сорвите корону с Сурта в Муспельхейме.
quest_objective_443_1|Crown removed|Корона добыта
quest_dialog_443|In the realm of fire and lava stands Surtr, forever chained to his realm. For eons he has been dormant, turned into obsidian statue that merely displays a fraction of his burning soul. But something is happening, signs indicate he's waking up. We need a hero who could pull of the impossible: get Surtr's crown off of him, it's the source of his power. Good luck to the brave soul who might attempt this. |В царстве огня и лавы стоит Сурт, навеки прикованный к своей обители. Веками он спал, обратившись в обсидиановую статую, лишь тень его пылающей души теплилась внутри. Но что-то изменилось... Приметы говорят, что он пробуждается. Нам нужен герой, способный на невозможное: сорвать с Сурта его корону, ибо в ней источник его силы. Удачи храбрецу, что решится на это.
||
quest_name_444|Grim Skull|Мрачный череп
quest_description_444|Find the mystical skull in Niflhel.|Найдите мистический череп в Нифльхеле.
quest_objective_444_1|Skull collected|Череп найден
quest_dialog_444|There is an old tale of a great and respected warrior who lost his life and was sent to Niflhel to rot. His skull is rumored to be somewhere in there collected by the legendary beast Grimbone and it’s said to hold some mystical powers. Find the skull and return it here, perhaps we would find some use for it. |Старая легенда гласит об уважаемом воине, что пал в бою и был отправлен гнить в Нифльхель. Ходят слухи, что его череп покоится там, в логове легендарного зверя Гримбона. Говорят, в нем сокрыта мистическая мощь. Найдите этот череп и принесите мне, возможно, мы найдем ему применение.
||
quest_name_445|WANTED: Xor|РАЗЫСКИВАЕТСЯ: Ксор
quest_description_445|Use Pulser to find Xor in Event Horizon and kill him.|Используйте пульсатор, чтобы найти Ксора в Горизонте событий, и убейте его.
quest_objective_445_1|Xor dead|Ксор мертв
quest_dialog_445|WANTED: XOR. An inter dimensional mercenary called Xor is wanted dead! A recent sighting has confirmed that he is indeed hiding somewhere in the Event Horizon. Take the Pulser, use it to find him and kill him.|РАЗЫСКИВАЕТСЯ: КСОР. Межпространственный наемник, живым не брать! Лазутчики подтвердили, что он скрывается где-то в Горизонте событий. Возьмите пульсатор, выследите его и покончите с ним.
||
quest_name_446|Anita’s Amulet|Амулет Аниты
quest_description_446|Find Anita’s amulet in the Sea of Karponia|Найдите амулет Аниты в море Карпонии.
quest_objective_446_1|Amulet found|Амулет найден
quest_dialog_446|Hey there, stranger! I am Anita, from Danethrope. I was on a visit in the east, Shujo Retreat, and when swimming in the ocean I got attacked by a bunch of Piranhas. When I swam to safety one of those pesky little fishes grabbed and possibly ate my Amulet. It is really important to me. I will pay you handsomely if you can find it!|Приветствую, путник! Я Анита из Дэнторпа. Я гостила на востоке, в Обители Сюдзё, и когда плавала в океане, на меня напала стая пираний. Пока я спасалась, одна из этих тварей сорвала и, кажется, проглотила мой амулет. Он мне очень дорог. Я щедро отплачу, если Вы его найдете!
||
quest_name_447|Awful Abominations|Жуткие мерзости
quest_description_447|Clear Abomination events|Завершите события «Мерзость».
quest_objective_447_1|Colossal chests opened|Колоссальные сундуки открыты
quest_dialog_447|Gar Nor here! I need a strong and heroic adventurer to put a stop to those colossal monsters! If you are up for it I will give you an additional reward on top of whatever you find when searching and slaying these foul creatures!|Гар Нор на связи! Мне нужен сильный и отважный герой, чтобы усмирить этих исполинских чудовищ! Если Вы справитесь, я дам особую награду сверх того, что Вы добудете из трупов этих гнусных тварей!
||
quest_name_448|To The Tower!|В Башню!
quest_description_448|Clear a Chaos Tower|Зачистите Башню Хаоса.
quest_objective_448_1|Chaos Tower cleared|Башня Хаоса зачищена
quest_dialog_448|Um here! Please, any Hero in Tarethiel reading this. I need [c_yellow]YOUR[c_reset] help. At some point, these walking Towers emerged from the Chaos to cause havoc in Tarethiel. Me and Mayor Kukkonen tried to find a way to destroy one, but got sucked into it and I barely got out alive. Kukkonen is still in there! Help me cleanse these Chaos Towers once and for all!|Я здесь! Прошу, любой герой Таретиэля, кто это читает — мне нужна [c_yellow]ВАША[c_reset] помощь. Эти ходячие башни явились из Хаоса, чтобы сеять разорение в наших землях. Мы с мэром Кукконеном пытались уничтожить одну из них, но нас затянуло внутрь. Я едва спасся, а Кукконен все еще там! Помогите мне очистить эти Башни Хаоса раз и навсегда!
||
quest_name_449|Njal Must Die!|Ньял должен умереть!
quest_description_449|Find and Kill Njal in the Snowy Mountains|Найдите и убейте Ньяла в Снежных горах.
quest_objective_449_1|Njal slain|Ньял повержен
quest_objective_449_2|Njal’s head|Голова Ньяла получена
quest_dialog_449|An evil warrior named Njal has been a continuous threat to the people of Danethrope. He has been spotted in the Snowy Mountains just now. Please find him and kill him! Bring his head as proof for the bounty.|Злобный воитель по имени Ньял долго терзал жителей Дэнторпа. Его только что видели в Снежных горах. Найдите его и убейте! Принесите его голову как доказательство, и награда Ваша.
||
quest_name_450|Security Measures|Меры безопасности
quest_description_450|Repair a beacon in each act and activate the system in Dhorn Farum|Почините маяки в каждом акте и активируйте систему в Дорн-Фаруме.
quest_objective_450_1|The Pumpkin Patch beacon repaired|Маяк на Тыквенном поле починен
quest_objective_450_2|The Glacial Trail beacon repaired|Маяк на Ледниковом пути починен
quest_objective_450_3|Dry Hills beacon repaired|Маяк в Сухих холмах починен
quest_objective_450_4|The Devil's Breach beacon repaired|Маяк в Дьявольском разломе починен
quest_objective_450_5|Mt. Fuji beacon repaired|Маяк на горе Фудзи починен
quest_objective_450_6|Highland Graveyard beacon repaired|Маяк на Горном кладбище починен
quest_objective_450_7|Parallel Dimension beacon repaired|Маяк в Параллельном измерении починен
quest_objective_450_8|Security system re-activated|Система безопасности активирована
quest_dialog_450|Um here! The dwarven made security beacons which help us anticipate upcoming threats all over Tarethiel are in desperate need of repair. Please do the repairs and turn the system back on in Dhorn Farum!|Я здесь! Гномьи маяки безопасности, что помогают нам предвидеть угрозы по всему Таретиэлю, отчаянно нуждаются в ремонте. Прошу, приведите их в порядок и перезапустите систему в Дорн-Фаруме!
||
quest_name_451|Hellpiercer|Пронзатель ада
quest_description_451|Collect the explosives from Old Mining Village, get the detonator from Dr. Tinker Dink and sabotage the Steam Train|Соберите взрывчатку в Старой шахтерской деревне, возьмите детонатор у доктора Тинкера Динка и подорвите паровоз.
quest_objective_451_1|Explosives collected|Взрывчатка собрана
quest_objective_451_2|Detonator acquired|Детонатор получен
quest_objective_451_3|Explosives placed|Заряд заложен
quest_objective_451_4|Explosives detonated|Взрыв произведен
quest_dialog_451|Help wanted! This is Dr. Tinker Dink. The Steam Train has become a problem, transporting hellish creatures and resources for the evil forces of Tarethiel at an unprecedented rate. We need to sabotage the train to stop it or at least slow it down! Collect five sets of explosives from the Old Mining Village and meet me! I'll give you the detonator. Then go to the Steam Train and blow the sucker to a halt! I hope to talk to you soon, adventurer!|Внимание, нужна помощь! Говорит доктор Тинкер Динк. Этот паровоз стал настоящим бедствием — он перевозит адских тварей и припасы для сил зла с пугающей скоростью. Мы должны его пустить под откос или хотя бы замедлить! Соберите пять зарядов взрывчатки в Старой шахтерской деревне и возвращайтесь ко мне. Я дам детонатор. А потом... подорвите эту жестянку к чертям! Жду Вас, искатель приключений!
tinker_hellpiercer_dialog|Ah, nice to see you [heroname]! So you are the one who wants to help me? Great! Here is the detonator. It has an 8 second timer, so when you place it and turn it on, [shake_letter]RUN![shake_reset] Good luck!|А, рад Вас видеть, [heroname]! Значит, Вы и есть тот смельчак? Прекрасно! Вот детонатор. Таймер на восемь секунд, так что как только активируете — [shake_letter]БЕГИТЕ![shake_reset] Удачи!
quest_train_bomb_run|I would [shake_letter][c_red]RUN[c_reset][shake_reset] if I were you!|На Вашем месте я бы уже [shake_letter][c_red]БЕЖАЛ[c_reset][shake_reset]!
||
quest_name_452|The False Prophet Defenestration|Дефенестрация лжепророка
quest_description_452|Talk to Magister Kujala and complete his task.|Поговорите с магистром Куялой и выполните его поручение.
quest_objective_452_1|The true nature of the assignment discovered|Узнать истинную суть задания
quest_objective_452_2|Luthor thrown out of Cathedral window|Выбросить Лютора из окна собора
quest_dialog_452|Looking for a righteous adventurer ready to help me with an urgent issue. I rather not write here about the nature of this task. Should you be interested come talk to me directly for further instructions![nl]- Magister Kujala|Ищу праведного героя для решения одной... деликатной проблемы. О сути задания здесь писать не стану. Если Вас это заинтересовало, приходите ко мне за подробностями лично.[nl]— Магистр Куяла
||
quest_name_475|Mysterious Key|Таинственный ключ
quest_description_475|Use the key somewhere in Dhorn Farum|Используйте этот ключ где-то в Дорн-Фаруме.
quest_objective_475_1|Keyhole found|Замочная скважина найдена
||
quest_name_476|The Book of Soulforge – page 11|Книга Кузни душ — страница 11
quest_description_476|Slay Gurag and find the page 11 of the Book of Soulforge.|Сразите Гурага и отыщите 11-ю страницу Книги Кузни душ.
quest_objective_476_1|Book of Soulforge page collected|Страница Книги Кузни душ найдена
||
quest_name_477|The Book of Soulforge – page 12|Книга Кузни душ — страница 12
quest_description_477|Defeat Reaper and find the page 12 of the Book of Soulforge.|Победите Жнеца и отыщите 12-ю страницу Книги Кузни душ.
quest_objective_477_1|Book of Soulforge page collected|Страница Книги Кузни душ найдена
||
quest_name_478|The Book of Soulforge – page 13|Книга Кузни душ — страница 13
quest_description_478|Find and help Hurnir inside the Pyramid and retrieve the missing page.|Найдите Хурнира в Пирамиде, помогите ему и верните пропавшую страницу.
quest_objective_478_1|Find and help Hurnir|Найти Хурнира и помочь ему
quest_objective_478_2|Defeat Anubis and collect page 13|Победить Анубиса и забрать 13-ю страницу
||
quest_name_479|The Book of Soulforge – page 14|Книга Кузни душ — страница 14
quest_description_479|Find page 14 in The Altar of Lost Souls.|Найдите 14-ю страницу на Алтаре потерянных душ.
quest_objective_479_1|Book of Soulforge page collected|Страница Книги Кузни душ найдена
||
quest_name_480|The Book of Soulforge – page 15|Книга Кузни душ — страница 15
quest_description_480|Gut King Karp at the Emperor's Chamber and collect the page 15.|Выпотрошите короля Карпа в покоях императора и заберите 15-ю страницу.
quest_objective_480_1|Book of Soulforge page collected|Страница Книги Кузни душ найдена
||
quest_name_481|The Book of Soulforge – page 16|Книга Кузни душ — страница 16
quest_description_481|Defeat Satan in the Seventh Layer of Hell and collect the last page of the Book of Soulforge.|Победите Сатану на седьмом круге ада и добудьте последнюю страницу Книги Кузни душ.
quest_objective_481_1|Book of Soulforge page collected|Страница Книги Кузни душ найдена
||
quest_name_482|Essential Essence|Чистая эссенция
quest_description_482|Obtain Soul Essence by slaying creatures and monsters.|Добывайте эссенцию душ, убивая чудовищ и монстров.
quest_objective_482_1|Soul essence collected|Эссенция душ собрана
||
quest_name_483|Seething Souls|Бурлящие души
quest_description_483|Obtain Souls of fallen warriors from piles.|Собирайте души павших воинов из костяных груд.
quest_objective_483_1|Warrior souls|Души воинов собраны
||
[HS 2.0 ACT SIDEQUESTS]||
quest_name_500|Pest Control|Борьба с вредителями
quest_description_500|Find and kill Fragrat in Rat Den|Найдите и убейте Фраграта в Крысином логове.
quest_objective_500_1|Fragrat slain|Фраграт повержен
||
quest_name_501|Hunger Issue|Проблема голода
quest_description_501|Collect ingredients to the maggot stew and cook it|Соберите ингредиенты для похлебки из личинок и сварите ее.
quest_objective_501_1|Maggots collected|Личинки собраны
quest_objective_501_2|Crimson Pumpkins harvested|Багряные тыквы собраны
quest_objective_501_3|Maggot stew cooked|Похлебка из личинок приготовлена
||
quest_name_502|Murder of Crows|Воронья стая
quest_description_502|Head into the Black Tower and bring Ahriman the head of Commander Albert, then head to the Northern Post and find his spellbook.|Отправляйтесь в Черную башню и принесите Ариману голову командира Альберта, а затем найдите его книгу заклинаний на Северном посту.
quest_objective_502_1|Spellbook found|Книга заклинаний найдена
quest_objective_502_2|Commander Albert's Head|Голова командира Альберта получена
||
quest_name_503|Help Anita|Помощь Аните
quest_description_503|Collect ginseng plants|Соберите корни женьшеня.
quest_objective_503_1|Ginseng collected|Женьшень собран
||
quest_name_504|Lost Belongins|Потерянные пожитки
quest_description_504|Find Anita's Herbs|Найдите травы Аниты.
quest_objective_504_1|Herb Pouch|Кошель с травами найден
quest_objective_504_2|Frost Dill|Морозный укроп
quest_objective_504_3|Loska|Лоска
quest_objective_504_4|Vermroot|Вермрут
quest_objective_504_5|Fanglen|Клыкоцвет
||
quest_name_505|The Revenant|Выходец с того света
quest_description_505|Track and kill Carnage at the Glacial Trail|Выследите и убейте Карнажа на Ледниковой тропе.
quest_objective_505_1|Track Carnage|Выследить Карнажа
quest_objective_505_2|Kill Carnage|Убить Карнажа
quest_objective_505_3|Skin Carnage's hide|Снять шкуру с Карнажа
||
quest_name_506|Whip It Good|Хлыст возмездия
quest_description_506|Find Jasper's whip at Mos'Arathim Desert|Найдите хлыст Джаспера в пустыне Мос-Аратим.
quest_objective_506_1|Whip collected|Хлыст найден
||
quest_name_507|We Are Gonna Be Rich!|Мы станем богаты!
quest_description_507|Find the Ancient Map in Cauflax Tomb|Найдите древнюю карту в гробнице Кауфлакса.
quest_objective_507_1|Map found|Карта найдена
||
quest_name_508|Raider of the Lost Staff|В поисках утраченного посоха
quest_description_508|Find Staff of Anubis inside Mysterious Pyramid|Найдите посох Анубиса в Таинственной пирамиде.
quest_objective_508_1|Staff found|Посох найден
||
quest_name_509|Devil's Cabbage|Дьявольский лист
quest_description_509|Collect herbs for Ragnar in Old Copper Mine|Соберите травы для Рагнара в Старом медном руднике.
quest_objective_509_1|Devil's Cabbage collected|Дьявольский лист собран
||
quest_name_510|Search for Hurrdurr – part 1|Поиски Хёррдурра — часть 1
quest_description_510|Find out what happened to Hurrdurr|Выясните, что случилось с Хёррдурром.
quest_objective_510_1|Abandoned Mine searched|Заброшенная шахта обыскана
||
quest_name_511|Search for Hurrdurr – part 2|Поиски Хёррдурра — часть 2
quest_description_511|Find Hurrdurr in Damien's Altar|Найдите Хёррдурра у алтаря Дэмиена.
quest_objective_511_1|Hurrdurr located|Местонахождение Хёррдурра установлено
quest_objective_511_2|Knights defeated|Рыцари повержены
quest_objective_511_3|Hurrdurr raptured|Хёррдурр похищен
||
quest_name_512|Bamboozled|В дураках
quest_description_512|Gather materials for fishing equipment|Соберите материалы для рыболовных снастей.
quest_objective_512_1|Bamboo sticks|Бамбуковые трости собраны
quest_objective_512_2|Rod crafted|Удочка изготовлена
||
quest_name_513|Hook on the Line|Крючок на леске
quest_description_513|Find spiderwebs and a viable hook|Найдите паутину и подходящий крючок.
quest_objective_513_1|Spiderwebs|Паутина найдена
quest_objective_513_2|Hook|Крючок найден
||
quest_name_514|Fish for the Greedy|Рыба для жадных
quest_description_514|Find Aki in Temple of Zamjo and rescue him|Найдите Аки в храме Замджо и спасите его.
quest_objective_514_1|King Tuna slain|Король Тунец повержен
quest_objective_514_2|Aki rescued|Аки спасен
||
quest_name_515|The Eternal Chalice|Вечная чаша
quest_description_515|Get the Eternal Chalice in the Steam Train|Добудьте Вечную чашу в Паровозе.
quest_objective_515_1|Eternal Chalice collected|Вечная чаша найдена
||
quest_name_516|Souls of the Damned|Души проклятых
quest_description_516|Harvest the souls in Prison, find a seal in Unmarked Graves and purify the souls|Соберите души в тюрьме, найдите печать в Безымянных могилах и очистите их.
quest_objective_516_1|Souls harvested|Души собраны
quest_objective_516_2|Souls purified|Души очищены
||
quest_name_517|Lilith|Лилит
quest_description_517|...|...
quest_objective_517_1|Kill Lilith|Убить Лилит
quest_objective_517_2|Lilith's Black Heart taken|Черное сердце Лилит добыто
||
quest_name_518|The Perfect Spot|Идеальное место
quest_description_518|Clear the area around Moira's telescope in Deep Space|Очистите территорию вокруг телескопа Мойры в глубинах космоса.
quest_objective_518_1|Area cleared|Территория очищена
||
quest_name_519|Drink Tea|Чаепитие
quest_description_519|Drink stardust infused tea|Испить чаю из звездной пыли.
quest_objective_519_1|Tea drunk|Чай выпит
||
quest_name_520|Stardust Poisoning|Отравление звездной пылью
quest_description_520|Find antidote in Distorted Horizons|Найдите противоядие в Искаженных горизонтах.
quest_objective_520_1|Antidote found|Противоядие найдено
quest_objective_520_2|Antidote consumed|Противоядие принято
||
quest_name_521|The Bestest Tea|Самый лучший чай
quest_description_521|Find ingredients at the Parallel Dimension|Соберите ингредиенты в Параллельном измерении.
quest_objective_521_1|Cosmic Roots|Космические корни
quest_objective_521_2|Nebula Lily|Лилия туманности
quest_objective_521_3|Anti-matter shroom|Гриб антиматерии
quest_objective_521_4|Schrödinger's Cat|Кот Шрёдингера
||
[Additional side quests]||
||
quest_name_600|Olof’s Medicine|Лекарство Олофа
quest_description_600|Find Olof’s medicine from an ice crack in Arctic Tundra|Найдите лекарство Олофа в ледяной расщелине арктической тундры.
quest_objective_600_1|Medicine collected|Лекарство найдено
||
[MAIN QUEST]||
quest_name_1000|Corrupted Nature|Оскверненная природа
quest_description_1000|Kill Scorchwood in the River of Inoya.|Убейте Скорчвуда в реке Инои.
quest_objective_1000_1|Scorchwood killed|Скорчвуд повержен
quest_name_1001|Sarcaster's coffee beans|Кофейные зерна Саркастера
quest_description_1001|Retrieve Sarcaster's coffee beans from the Waypoint in Outskirts of Inoya.|Заберите кофейные зерна Саркастера у путевого камня на окраине Инои.
quest_objective_1001_1|Coffee beans retrieved.|Кофейные зерна возвращены
quest_name_1002|Bricks.. So many Bricks|Кирпичи... так много кирпичей
quest_description_1002|Collect Bricks from destructible objects anywhere.|Собирайте кирпичи, разрушая объекты окружения.
quest_objective_1002_1|Bricks collected.|Кирпичи собраны
quest_name_1003|Hot Water|Кипяток
quest_description_1003|Collect hot water from The Pumpkin Patch.|Наберите горячей воды на Тыквенном поле.
quest_objective_1003_1|Hot water collected|Горячая вода набрана
quest_objective_1003_2|Kill the Colossal Pumpkin in Pumpkin Cellar|Убейте колоссальную тыкву в тыквенном погребе.
quest_name_1021|Purging the Lands|Очищение земель
quest_description_1021|Collect body parts from monsters and bring them to Magister Kujala in the Fields of Battle.|Соберите части тел монстров и принесите их магистру Куяле на Поля битв.
quest_objective_1021_1|Body parts collected|Части тел собраны
quest_name_1022|Shock Therapy|Шоковая терапия
quest_description_1022|Use the Shocker-9000 to shock monsters.|Используйте «Шокер-9000», чтобы поражать монстров током.
quest_objective_1022_1|Enemies shocked|Враги поражены током
quest_name_1023|Corruptor of the Forest|Осквернитель леса
quest_description_1023|Find Gurag in King’s Throne and kill him! Report to Gunhild Yngouf in Danethorpe.|Найдите Гурага на Королевском троне и убейте его! Доложите Гунхильд Ингуф в Дэнторпе.
quest_objective_1023_1|Gurag slain|Гураг повержен
quest_name_1024|Provide your aid|Окажите помощь
quest_description_1024|Kill monsters in the lands of Danethorpe. Meet Halstein at the Chilling Lake to claim your reward.|Истребляйте монстров в землях Дэнторпа. Встретьтесь с Хальстейном у Леденящего озера, чтобы получить награду.
quest_objective_1024_1|Frost Goblins slain|Ледяных гоблинов убито
quest_objective_1024_2|Frost Skeletons slain|Ледяных скелетов убито
quest_objective_1024_3|Frost Dragons slain|Ледяных драконов убито
quest_objective_1024_4|Ice Elementals slain|Элементалей льда убито
quest_name_1025|Icy Enchanters|Ледяные чародеи
quest_description_1025|Interrupt frozen portals in Snowy Mountains and meet me at the entrance of the Glacial Trail!|Закройте ледяные порталы в Снежных горах и встретьтесь со мной у входа на Ледниковую тропу!
quest_objective_1025_1|Portals interrupted|Порталы закрыты
quest_name_1026|Death Itself|Сама Смерть
quest_description_1026|Kill Grim Reaper in the Death’s Breach!|Убейте Мрачного Жнеца в Разломе Смерти!
quest_objective_1026_1|Grim Reaper slain|Мрачный Жнец повержен
quest_name_1027|Save the Innocent!|Спасти невинных!
quest_description_1027|Escort prisoners to the Waypoint in the Corrupted Oasis.|Сопроводите пленников к путевому камню в Оскверненном оазисе.
quest_objective_1027_1|Prisoners saved|Пленники спасены
quest_name_1028|Purify the sands of Mos’Arathim|Очистите пески Мос-Аратима
quest_description_1028|Slay monsters around the desert and meet me in the second floor of the Pyramid.|Истребляйте монстров в пустыне, а затем встретьтесь со мной на втором этаже Пирамиды.
quest_objective_1028_1|Skeletons slain|Скелетов убито
quest_objective_1028_2|Orcs slain|Орков убито
quest_objective_1028_3|Desert Beasts slain|Пустынных зверей убито
quest_objective_1028_4|Sand Wasps slain|Песчаных ос убито
quest_objective_1028_5|Mummies slain|Мумий убито
quest_objective_1028_6|Shadow Anomalies slain|Теневых аномалий уничтожено
quest_name_1029|Protector of Graves|Страж могил
quest_description_1029|Kill Anubis in the Tomb of the Fallen King!|Убейте Анубиса в Гробнице падшего короля!
quest_objective_1029_1|Anubis slain|Анубис повержен
quest_name_1030|Dungeon Master|Хозяин подземелья
quest_description_1030|Clear the Old Copper Mine nearby the Old Mining Village!|Зачистите Старый медный рудник рядом со Старой шахтерской деревней!
quest_objective_1030_1|Collector of Bones slain|Собиратель костей повержен
quest_objective_1030_2|Goblins Killed|Гоблинов убито
quest_name_1031|Precious Equipment|Ценное снаряжение
quest_description_1031|Gather mining equipment and purge the undead from Highland Mines, bring the equipment to Thastun in the Corrupted Caves|Соберите горное снаряжение, очистите копи Хайленда от нежити и принесите инструменты Тастуну в Оскверненные пещеры.
quest_objective_1031_1|Mining Equipment Retrieved|Снаряжение собрано
quest_objective_1031_2|Cave Slimes killed|Пещерных слизней убито
quest_objective_1031_3|Skull Crawlers killed|Черепных ползунов убито
quest_name_1032|Prove Yourself|Докажите свою силу
quest_description_1032|Kill enemies with the Flail.|Убивайте врагов с помощью цепа.
quest_objective_1032_1|Enemies slain|Врагов повержено
quest_name_1033|Demon´s Lair|Логово демона
quest_description_1033|Find and kill the Damned Commander and slay his minions.|Найдите и убейте Проклятого командира и его прихвостней.
quest_objective_1033_1|Damned Commander killed|Проклятый командир убит
quest_objective_1033_2|Enemies slain|Врагов повержено
quest_name_1034|Damien, Son of Satan|Дэмиен, сын Сатаны
quest_description_1034|Kill Damien in the Altar of Lost Souls!|Убейте Дэмиена у Алтаря потерянных душ!
quest_objective_1034_1|Damien slain|Дэмиен повержен
||
[KARP OF DOOM]||
quest_name_1035|Corrupted Statues|Оскверненные статуи
quest_description_1035|Destroy corrupted statues and purge the infestation inside the Underground Gardens located in Misty Swamps.|Разрушьте оскверненные статуи и очистите Подземные сады в Туманных болотах от скверны.
quest_objective_1035_1|Corrupted statues destroyed|Статуи разрушены
quest_objective_1035_2|Garden Colossus slain|Садовый колосс повержен
quest_name_1036|Stop the Invasion|Остановить вторжение
quest_description_1036|Bomb the ships at the edge of Fuji Coast!|Подорвите корабли у берегов Фудзи!
quest_objective_1036_1|Ships sunk|Корабли потоплены
quest_name_1037|We Feast on Fish|Рыбный пир
quest_description_1037|Capture fishes with fish trap in the Sea of Karponia and  Temple of Zamjo.|Ловите рыбу с помощью верш в море Карпония и храме Замджо.
quest_objective_1037_1|Fishes captured|Рыб поймано
quest_name_1038|Sushi Time!|Время суши!
quest_description_1038|Kill Karp King in the Emperor’s Chamber!|Убейте Короля Карпа в покоях императора!
quest_objective_1038_1|Karp King killed|Король Карп повержен
||
[DEPTHS OF HELL]||
quest_name_1039|Preparation|Подготовка
quest_description_1039|Collect essence and retrieve Book of Command from the Graveyard!|Соберите эссенцию и добудьте Книгу повелений на кладбище!
quest_objective_1039_1|Book of Command|Книга повелений найдена
quest_objective_1039_2|Essence|Эссенция собрана
quest_name_1040|Shut Down|Запечатывание
quest_description_1040|Close demonic portals around the Cathedral.|Закройте демонические порталы вокруг собора.
quest_objective_1040_1|Portals closed|Порталы закрыты
quest_name_1041|Highway to Hell|Дорога в ад
quest_description_1041|Clear cogs out of mysterious vines in the Steam Train.|Очистите механизмы Паровоза от таинственных лоз.
quest_objective_1041_1|Cogs cleared|Шестерни очищены
quest_name_1042|Summon Satan|Призвать Сатану
quest_description_1042|Kill Satan in the Seventh Layer of Hell!|Убейте Сатану на седьмом круге ада!
quest_objective_1042_1|Satan killed|Сатана повержен
||
[WRATH OF MEVIUS]||
quest_name_1043|Technology is Great|Сила технологий
quest_description_1043|Suck black holes with Sucker-5000 within Deep Space.|Поглощайте черные дыры с помощью «Поглотителя-5000» в глубоком космосе.
quest_objective_1043_1|Black holes captured|Черные дыры поглощены
quest_name_1044|Lock & Load!|Цельсь, пли!
quest_description_1044|Use Sucker-5000-B to capture enemies in Event Horizon.|Используйте «Поглотитель-5000-Б», чтобы ловить врагов в Горизонте событий.
quest_objective_1044_1|Enemies captured|Враги пойманы
quest_name_1045|Purge your demons!|Изгоните своих демонов!
quest_description_1045|Slay enemies within the Parallel Dimension… |Уничтожайте врагов в Параллельном измерении...
quest_objective_1045_1|Casket Horror|Ужас из склепа повержен
quest_objective_1045_2|Nightmare Priest|Жрец кошмаров повержен
quest_objective_1045_3|Gnarler|Коряжник повержен
quest_objective_1045_4|Headless butler|Безголовый дворецкий повержен
quest_name_1046|Master of Destruction|Владыка разрушения
quest_description_1046|Kill Mevius in the Verge of Insanity|Убейте Мевиуса на грани безумия.
quest_objective_1046_1|Mevius killed|Мевиус повержен
||
[MAIN NIGHTMARE]||
quest_name_1101|Magic Stones|Магические камни
quest_description_1101|Slay Commander Albert within the Black Tower in Woodhill Plains|Сразите командира Альберта в Черной башне на равнинах Вудхилла.
quest_objective_1101_1|Commander Albert slain|Командир Альберт повержен
quest_name_1102|The Wild Hunt|Дикая охота
quest_description_1102|The Hunt is on! Slay the wild creatures and skeletons within Act II.|Охота началась! Истребляйте диких тварей и скелетов во втором акте.
quest_objective_1102_1|Wild Creatures slain|Диких тварей убито
quest_objective_1102_2|Skeletons slain|Скелетов убито
quest_name_1103|Tomb Raider|Расхититель гробниц
quest_description_1103|The pyramid is a sacred place taken over by the undead.. Purge them all!|Пирамида — священное место, захваченное нежитью... Очистите ее!
quest_objective_1103_1|Desert Monsters slain|Пустынных монстров убито
quest_objective_1103_2|Pyramid Undead slain|Нежити в пирамиде убито
quest_name_1104|Secrets of Iron|Секреты железа
quest_description_1104|Mine Iron Ore for Kleiton and slay the Forge Master within the Abandoned Mine inside the Highland Mines.|Добудьте железную руду для Клейтона и убейте мастера кузни в заброшенной шахте копи Хайленда.
quest_objective_1104_1|Iron Ore Collected|Железная руда собрана
quest_objective_1104_2|Forge Master slain|Мастер кузни повержен
quest_name_1105|Warlord Training|Закалка военачальника
quest_description_1105|Train your combat skills and slay monsters within Act V.|Оттачивайте боевые навыки и убивайте монстров в пятом акте.
quest_objective_1105_1|Monsters slain|Монстров убито
quest_name_1106|Souls of the Dead|Души мертвых
quest_description_1106|Slay monsters within Act VI and collect their essence.|Уничтожайте монстров в шестом акте и собирайте их эссенцию.
quest_objective_1106_1|Essence of Undead collected|Эссенция нежити собрана
quest_name_1107|Lost Manual|Потерянное руководство
quest_description_1107|Retrieve Lost Manual from Distorted Horizons within the Event Horizon.|Добудьте потерянное руководство в Искаженных горизонтах внутри Горизонта событий.
quest_objective_1107_1|Lost Manual collected|Руководство найдено
quest_name_1108|Eight Legged Monstrosities|Восьминогие чудовища
quest_description_1108|Slay Helheim Arachnid within the Camp of Souls|Убейте арахнида Хельхейма в Лагере душ.
quest_objective_1108_1|Helheim Arachnid slain|Арахнид Хельхейма повержен
||
[MAIN HELL]||
quest_name_1201|Grand Purge|Великая чистка
quest_description_1201|Slay monsters within Act I and then kill Gurag.|Истребляйте монстров в первом акте, а затем убейте Гурага.
quest_objective_1201_1|Monsters slain|Монстров убито
quest_objective_1201_2|Gurag slain|Гураг повержен
quest_name_1202|Protect The Wilderness|Защита диких земель
quest_description_1202|Collect wild berries and slay monsters within Act II.|Собирайте лесные ягоды и убивайте монстров во втором акте.
quest_objective_1202_1|Wild Berries collected|Лесные ягоды собраны
quest_objective_1202_2|Monsters slain|Монстров убито
quest_name_1203|Free Spirits|Свободные духи
quest_description_1203|Free entrapped souls within Act III.|Освободите заточенные души в третьем акте.
quest_objective_1203_1|Entrapped Souls freed|Заточенные души освобождены
quest_name_1204|Tarethium’s Essence|Эссенция Таретиума
quest_description_1204|Mine tarethium ore for Kleiton.|Добудьте таретиевую руду для Клейтона.
quest_objective_1204_1|Tarethium Ore collected|Таретиевая руда собрана
quest_name_1205|Warlord’s Command|Приказ военачальника
quest_description_1205|Slay monsters within Act V.|Истребляйте монстров в пятом акте.
quest_objective_1205_1|Monsters slain|Монстров убито
quest_name_1206|Purification|Очищение
quest_description_1206|Destroy skull piles and slay monsters within Act VI.|Разрушайте груды черепов и убивайте монстров в шестом акте.
quest_objective_1206_1|Skull Piles destroyed|Груды черепов разрушены
quest_objective_1206_2|Monsters slain|Монстров убито
quest_name_1207|Fixing Glitches|Устранение искажений
quest_description_1207|Destroy glitching objects within Act VII.|Разрушайте искаженные объекты в седьмом акте.
quest_objective_1207_1|Glitches fixed|Искажения устранены
quest_name_1208|Cleansing Valhalla|Очищение Вальхаллы
quest_description_1208|Slay monsters within Act VIII.|Истребляйте монстров в восьмом акте.
quest_objective_1208_1|Monsters slain|Монстров убито
||
[HELL 5 QUESTS]||
quest_name_1250|WANTED: Shadow Reaper|РАЗЫСКИВАЕТСЯ: Теневой Жнец
quest_description_1250|Collect dimensional shards from shadow realm, once you have obtained enough enter the portal within the realm and kill shadow reaper.|Соберите достаточно пространственных осколков в царстве теней, затем войдите в портал и убейте Теневого Жнеца.
quest_objective_1250_1|Dimensional Shards collected|Пространственные осколки собраны
quest_objective_1250_2|Shadow Reaper slain|Теневой Жнец повержен
quest_name_1251|WANTED: Sung Lee|РАЗЫСКИВАЕТСЯ: Сунг Ли
quest_description_1251|Collect battle fragments around the eternal battle field portal, once you have obtained enough enter the portal and kill sung lee.|Соберите фрагменты битвы у портала Поля вечной битвы, затем войдите в него и убейте Сунг Ли.
quest_objective_1251_1|Battle Fragments collected|Фрагменты битвы собраны
quest_objective_1251_2|Sung Lee slain|Сунг Ли повержен
quest_name_1252|WANTED: Chaos Tower|РАЗЫСКИВАЕТСЯ: Башня Хаоса
quest_description_1252|Enter a chaos tower and purge its floors from the undead.|Войдите в Башню Хаоса и очистите ее этажи от нежити.
quest_objective_1252_1|Chaos Tower floors cleared|Этажи Башни Хаоса зачищены
quest_name_1253|WANTED: Damien|РАЗЫСКИВАЕТСЯ: Дэмиен
quest_description_1253|Collect the parts from Gurag, Grim Reaper, Anubis, Damien, Karp King and Satan. After collecting the parts, craft a key of terror and speak to um in order to open a portal to fallen inoya and slay damien!|Добудьте трофеи с Гурага, Мрачного Жнеца, Анубиса, Дэмиена, Короля Карпа и Сатаны. Создайте Ключ ужаса и поговорите с Хранительницей, чтобы открыть портал в Падшую Иною и сразить Дэмиена!
quest_objective_1253_1|Key of Terror obtained|Ключ ужаса создан
quest_objective_1253_2|Damien slain|Дэмиен повержен
quest_name_1254|Codex of Eternity|Кодекс вечности
quest_description_1254|Find a codex of eternity, enter its zone and clear it.|Найдите Кодекс вечности, войдите в его зону и очистите ее.
quest_objective_1254_1|Codex of Eternity used|Кодекс вечности использован
quest_objective_1254_2|Codex Zone cleared|Зона Кодекса зачищена
||
[MAIN INFERNO]||
quest_name_1301|The Fall of Darkness|Падение тьмы
quest_description_1301|Slay Gabriel in the Circle of Hatred and Amun-Ra within the Tomb of Amun-Ra|Сразите Габриэля в Круге ненависти и Амона-Ра в его гробнице.
quest_objective_1301_1|Gabriel Slain|Габриэль повержен
quest_objective_1301_2|Amun-Ra Slain|Амон-Ра повержен
||
quest_name_1302|The Light of Dawn|Свет зари
quest_description_1302|Purge Tarethiel of evil for good..|Очистите Таретиэль от скверны раз и навсегда...
quest_objective_1302_1|Gurag slain|Гураг повержен
quest_objective_1302_2|Grim Reaper slain|Мрачный Жнец повержен
quest_objective_1302_3|Anubis slain|Анубис повержен
quest_objective_1302_4|Damien slain|Дэмиен повержен
quest_objective_1302_5|Karp King slain|Король Карп повержен
quest_objective_1302_6|Satan slain|Сатана повержен
quest_objective_1302_7|Mevius slain|Мевиус повержен
||
[Community Quests]||
community_quest_header|Community Quest|Общественное задание
community_quest_title_1|Call to Arms|Призыв к оружию
community_quest_desc_1|I, Mayor Kukkonen, hereby issue a request for the heroes of Tarethiel. Purge the lands of the monsters! The massive infestation of dark creatures roaming our lands has gone on long enough. To ensure that these creatures will not overrun us in the future we have to act now! Obliterate as many as you can by next Friday.|Я, мэр Кукконен, взываю к героям Таретиэля! Очистите наши земли от монстров. Полчища темных тварей слишком долго безнаказанно бродили по нашим полям. Чтобы они не поглотили нас окончательно, мы должны действовать немедля! Истребите как можно больше врагов до следующей пятницы.
community_quest_objective_1|Slay monsters all around Tarethiel|Истреблять монстров по всему Таретиэлю
community_quest_title_2|Chaos at the Tower|Хаос в башне
community_quest_desc_2|The good warriors of Tarethiel, listen up! Chaos Towers have been running rampant across the lands! Purify these towers on sight! For glory, for honor!|Доблестные воины Таретиэля, слушайте! Башни Хаоса множатся на наших землях! Очищайте каждую, что встретите на пути! Во славу и ради чести!
community_quest_objective_2|Clear Chaos Towers|Зачищать Башни Хаоса
community_quest_title_3|Heigh-Ho!|Хей-хо!
community_quest_desc_3|We are in massive need of resources to build our defenses and ensure the survival of the good people of Tarethiel! This is why I, Dr. Tinker Dink, along with Mayor Kukkonen have started a campaign to get as much minerals as possible to bolster our position on the map. Help us collect as much Ores as possible.|Нам отчаянно нужны ресурсы для укрепления обороны и спасения доброго народа Таретиэля! Поэтому я, доктор Тинкер Динк, совместно с мэром Кукконеном, начинаю сбор минералов. Помогите нам добыть как можно больше руды!
community_quest_objective_3|Mine ore nodes|Добывать руду
community_quest_title_4|Sonya’s Soldier|Солдат Сони
community_quest_desc_4|It’s one thing to face Damien’s troops to purge this land of evil, but to also do it with style? That’s more my style! Bring me proof of completed Challenge Dungeons by opening the Chests at the end, and I shall reward you!|Одно дело — истреблять прихвостней Дэмиена ради очищения земель, и совсем другое — делать это со вкусом! В моем вкусе! Принесите мне доказательства зачистки подземелий испытаний, открыв сундуки в их конце, и награда не заставит себя ждать!
community_quest_objective_4|Open Challenge Dungeon Chests|Открывать сундуки в подземельях испытаний
community_quest_title_5|Gold Farm|Золотая лихорадка
community_quest_desc_5|The economy is tanking! The monsters are rampaging through the lands, murdering innocents and robbing our resources, including gold! We have seen an increase of scams and cheated currency ruining our already unstable economy. Please slay monsters and collect [c_yellow]our gold[c_reset] back from their cold dead hands. More gold in circulation is better for everyone!|Экономика на дне! Монстры бесчинствуют, убивая невинных и разворовывая наши ресурсы, включая золото. Фальшивомонетчики и мошенники лишь усугубляют ситуацию. Прошу вас, истребляйте тварей и верните [c_yellow]наше золото[c_reset] из их хладных лап. Звонкая монета в обороте — благо для каждого!
community_quest_objective_5|Pick up gold. A lot of gold.|Собирать золото. Много золота.
community_quest_title_6|Uber-Grind|Великая охота
community_quest_desc_6|The dark forces are getting stronger and danger looms near every domain. Show them that we are not afraid! [shake_letter][c_red]Slaughter them![c_reset][shake_reset] Destroy the biggest evil creatures you can find.|Темные силы крепнут, опасность нависает над каждым владением. Покажите им, что мы не боимся! [shake_letter][c_red]Перебейте их всех![c_reset][shake_reset] Уничтожьте самых жутких порождений зла, которых сможете найти.
community_quest_objective_6|Slay Uber bosses|Сражать великих боссов
community_quest_title_7|Dungeon Crawler|Исследователь глубин
community_quest_desc_7|To further help with purging the infestation of our lands we have to hit them where it hurts. They are below us, crawling through the dungeons. Scheming, getting stronger. Destroy as many of these dungeon dwellers as possible!|Чтобы окончательно очистить наши земли, мы должны ударить в самое сердце тьмы. Враги под нами — они копошатся в подземельях, строят заговоры и копят силы. Истребите как можно больше обитателей глубин!
community_quest_objective_7|Slay enemies within Special Dungeons|Убивать врагов в особых подземельях
community_quest_title_8|Purge Big Baddies|Гибель тиранов
community_quest_desc_8|It’s time to show those bastards who is the boss here. For too long has Reaper ruled over Danethorpe, enough for the Reign of Karp King or Satan’s Influence over these holy grounds. Time to purge this land, once and for all.|Пора показать этим мерзавцам, кто здесь хозяин. Слишком долго Жнец терзал Дэнторп, довольно власти Короля Карпа и влияния Сатаны на этих святых землях. Время очистить мир раз и навсегда!
community_quest_objective_8|Kill Act Bosses|Сражать боссов актов
||
[quest casting]||
quest_cook_meat|Cook Meat|Приготовить мясо
quest_cook_meat_action|Cooking delicious hog meat|Готовка упитанного вепря...
quest_dirt_dig|Dig|Копать
quest_dirt_dig_action|Digging up dirt|Разрывание земли...
quest_lift_water|Use Well|Использовать колодец
quest_lift_water_action|Lifting water from river Gjöll|Набирание воды из Гьёлля...
quest_potion_cauldron|Conjure Potion|Сварить зелье
quest_potion_cauldron_action|Boiling ingredients|Кипячение ингредиентов...
quest_attach_wheel|Attach Wheel|Прикрепить колесо
quest_attach_wheel_action|Attaching wheel|Установка колеса...
quest_attach_wheel_done|Wheel attached!|Колесо прикреплено!
quest_harvest_pumpkin_action|Harvesting pumpkin|Сбор тыквы...
quest_harvest_pumpkin|Pumpkin?|Тыква?
quest_cook_maggot_stew|Boil the ingredients|Варить похлебку
quest_cooking_maggot_stew|Making Maggot stew|Приготовление похлебки из личинок...
quest_gathering_herb|Gathering herbs...|Сбор трав...
quest_gather_ginseng|Collect ginseng plant|Собрать женьшень
quest_gather_frost_dill|Collect Frost Dill|Собрать морозный укроп
quest_gather_loska|Collect Loska|Собрать лоску
quest_gather_vermroot|Collect Vermroot|Собрать вермрут
quest_gather_fanglen|Collect Fanglen|Собрать клыкоцвет
quest_inspect_track|Inspect track|Изучить след
quest_inspecting|Inspecting...|Осмотр...
quest_skin_carnage|Skin Carnage's Hide|Снять шкуру Карнажа
quest_skinning|Skinning...|Снятие шкуры...
quest_gather_devils_cabbage|Collect Devil's Cabbage|Собрать дьявольский лист
quest_inspect_cart|Inspect Mining Cart|Осмотреть вагонетку
quest_mend_hurrdurr|Attempt to heal Hurrdurr|Попытаться исцелить Хёррдурра
quest_mending_hurrdurr|Trying to save Hurrdurr|Спасение Хёррдурра...
quest_collect_bamboo|Rip Bamboo Sticks|Нарезать бамбук
quest_collecting_bamboo|Taking sturdy bamboo|Сбор крепкого бамбука...
quest_craft_rod|Craft Sturdy Fishing Rod|Смастерить удочку
quest_using_workbench|Crafting...|Изготовление...
quest_collect_spiderweb|Collect Spiderweb|Собрать паутину
quest_collecting|Collecting...|Сбор...
quest_inspect_metal_hook|Inspect Metal Hook|Осмотреть железный крюк
quest_harvest_soul|Harvest Damned Soul|Поглотить душу проклятого
quest_harvesting_soul|Harvesting soul...|Поглощение души...
quest_seal_grave|Bless the Eternal Chalice|Освятить Вечную чашу
quest_seal_grave_action|Purifying Damned Souls|Очищение душ проклятых...
quest_bag_njals_head|Bagging Njal’s head|Упаковка головы Ньяла...
quest_repair_beacon|Repairing security beacon|Ремонт маяка безопасности...
quest_beacons_up|Turning the security beacon system on|Запуск системы маяков...
quest_ice_crack|Examining|Осмотр...
quest_place_explosives_interact|Placing explosives... carefully|Закладка взрывчатки... осторожно!
quest_detonating|Starting detonator|Активация детонатора...
quest_igniting_beacon|Igniting beacon|Розжиг маяка...
||
[special cases]||
quest_require_valhalla_chain|You must have the Valhalla storyline quests completed to be eligible for today’s Bounty Quest!|Вы должны завершить сюжетную линию Вальхаллы, чтобы получить доступ к сегодняшней охоте за наградой!
quest_require_valhalla_dlc|You must own a copy of The Gates of Valhalla Expansion and have the Valhalla storyline quests completed to be eligible for today’s Bounty Quest!|Для участия в сегодняшней охоте за наградой необходимо дополнение «Врата Вальхаллы» и пройденная сюжетная линия Вальхаллы!
||
quest_name_1280|Stabilizing The Rifts|Стабилизация разломов
quest_description_1280|Find and clear unstable rifts for Magister Kujala. Return to the town of Inoya when you are done!|Найдите и закройте нестабильные разломы по поручению магистра Куялы. Как закончите — возвращайтесь в Иною!
quest_objective_1280_1|Monsters slain within unstable rift|Монстров в нестабильном разломе убито
quest_name_1281|Essence Lockpicking|Взломщик эссенций
quest_description_1281|Obtain an open essence vaults by fulfilling the vaults contract! Return to the town of Inoya when you are done!|Заполучите доступ к хранилищам эссенций, выполнив условия контракта. Как закончите — возвращайтесь в Иною!
quest_objective_1281_1|Essence Vaults opened|Хранилищ эссенций открыто
quest_name_1282|Vault Master|Мастер хранилищ
quest_description_1282|Craft and open Tier A+ vaults for Magister Kujala. Return to the town of Inoya when you are done!|Создайте и откройте хранилища ранга A+ или выше для магистра Куялы. Как закончите — возвращайтесь в Иною!
quest_objective_1282_1|Essence Vaults crafted|Хранилищ эссенций создано
quest_objective_1282_2|Tier A+ Essence Vaults opened|Хранилищ ранга A+ открыто